seller_key,seller_id,total_revenue,orders_count,items_sold,avg_order_value,avg_review_score,cancelled_orders_rate,distinct_products_sold,cluster
790,6d2f2e3b539480db1e0842b3a4e32e6e,305.96,3,6,101.98666666666666,3.6666666666666665,0.0,3,0
2850,bba74270a87732727b5a3b4fd9ac1c39,6001.59,36,41,166.71083333333334,3.9193548387096775,0.0,34,0
1798,98dac6635aee4995d501a3972e047414,4235.85,91,195,46.5478021978022,4.254133333333333,0.0,99,0
1489,4e42581f08e8cfc7c090f930bac4552a,336.0,3,4,112.0,1.0,0.0,3,0
1269,59cea8e446d3834393058e7e0666b6fb,696.6,10,10,69.66,4.6,0.0,10,0
2335,86bf77bdb52e615674772d5817c6212f,281.8,4,5,70.45,4.75,0.0,4,0
652,7ad41305e96a6cab8294cd65891e9a86,180.0,2,2,90.0,5.0,0.0,2,0
273,97512d3fc193b2d1dfcdba0f9d1f0f8a,1458.87,12,13,121.5725,4.25,0.0,12,0
1560,513a54369b6a8a6602fcb0e129c6d78d,47.8,2,2,23.9,4.5,0.0,2,0
51,0885aaf116795758dfeb5f1032487bcd,2648.0,28,30,94.57142857142857,4.314814814814815,0.0,28,0
2574,4830e40640734fc1c52cd21127c341d4,9843.47,210,219,46.873666666666665,4.085673758865248,0.009523809523809525,201,3
951,adbe70ab2c97442046d393988c8d1d27,289.5,5,5,57.9,5.0,0.0,5,0
1898,05d2173d43ea568aa0540eba70d2ca76,5759.66,62,66,92.89774193548386,4.230769230769231,0.0,65,0
70,11eac105f3f90a9b87b19c89d91e24f3,802.89,5,5,160.578,3.6,0.0,5,0
350,f88adb15807168d3c43d71021090ce4a,488.8,3,3,162.93333333333334,3.3333333333333335,0.0,3,0
758,e9779976487b77c6d4ac45f75ec7afe9,43162.95,657,750,65.69703196347032,4.242750716332378,0.0015220700152207,617,3
2425,0249d282d911d23cb8b869ab49c99f53,393.0,11,11,35.72727272727273,4.2727272727272725,0.0,11,0
2080,d05ae8f7a5bd1d2a690a44cd079e4e27,13436.0,78,81,172.25641025641025,3.8743076923076925,0.01282051282051282,72,0
2614,a72c2f59332659e361d647515c698798,802.9,5,6,160.58,4.8,0.0,5,0
2128,f3da5b2ff499efb8d4a6d371d175d7dd,3702.29,79,84,46.864430379746835,3.7693548387096776,0.0,76,0
2520,066a6914e1ebf3ea95a216c73a986b91,9410.38,68,74,138.38794117647058,4.063492063492063,0.0,68,0
2466,7a188843479798ca813108fa7b959286,149.7,1,3,149.7,1.0,0.0,1,0
2196,5f7300535881cef3b625fd683cf7d145,665.98,10,11,66.598,4.4,0.0,10,0
1750,b2ba3715d723d245138f291a6fe42594,51676.88,337,363,153.3438575667656,4.088260869565217,0.011869436201780416,329,3
1136,2ff97219cb8622eaf3cd89b7d9c09824,4476.9,89,96,50.30224719101123,4.518382352941177,0.011235955056179775,87,0
176,4d600e08ecbe08258c79e536c5a42fee,4465.34,8,8,558.1675,3.857142857142857,0.0,8,0
576,99eaacc9e6046db1c82b163c5f84869f,13139.17,66,70,199.07833333333335,3.8125,0.015151515151515152,61,0
1831,7681ef142fd2c19048da7430856b5588,31941.81,59,77,541.3866101694915,4.0204545454545455,0.0,58,0
1003,d2e753bb80b7d4faa77483ed00edc8ca,1320.7,14,15,94.33571428571429,3.7142857142857144,0.0,15,0
292,d1a5cc844736958c11b8efab9a2b4c87,237.6,1,1,237.6,1.0,0.0,1,0
1331,9dd459b29a14bf89d47183cf2cd0e4c7,180.0,2,2,90.0,5.0,0.0,2,0
2784,2f4b0d3b9634b647d4edee577d7ebb7e,337.9,10,11,33.79,4.928571428571429,0.0,8,0
663,5733d806668f8712c24b9abaefbfa642,243.8,2,2,121.9,5.0,0.0,2,0
929,94b9108d4b637ba65bb4f1e53cfcf8d8,234.96,7,8,33.565714285714286,4.428571428571429,0.0,7,0
1552,c8771b1a10bb99bb34d3c459c5cffb53,64.9,1,1,64.9,5.0,0.0,1,0
1589,1bc2e21de46adfea6b98cc96b00f3b40,1039.95,3,5,346.65,3.3333333333333335,0.0,3,0
1493,ab91571efab27993ff2f6b36e38055c3,102.24,3,4,34.08,4.666666666666667,0.0,3,0
1811,455befea1bb853c75ccbca94cff26e5c,19.99,1,1,19.99,3.0,0.0,1,0
2038,5f06030071324cc52bf0304014ac7234,783.96,4,4,195.99,4.333333333333333,0.0,3,0
2125,f84a00e60c73a49e7e851c9bdca3a5bb,5949.94,90,99,66.11044444444444,3.8333333333333335,0.0,90,0
556,712efd3b68f9686dc856b84abd0f21ae,139.0,1,1,139.0,4.0,0.0,1,0
764,b81e3a6c866a764974fe849821abeebd,836.15,8,11,104.51875,4.695,0.0,8,0
1373,218f991754f360af9c2daa5e0b8e990c,3554.32,14,17,253.88,3.6923076923076925,0.0,13,0
2204,165fc07beebdcb6190fba8a06db2a449,17481.4,50,64,349.628,3.7693023255813953,0.0,52,0
2469,0936e1837d0c79253456bbb2ffaaef10,38.9,1,2,38.9,5.0,0.0,1,0
2642,119c7f1a00ef43fad0e57604e76a747c,189.8,2,2,94.9,4.5,0.0,2,0
638,49cdc90518a4f82676b38b3c1aa43ff6,1539.5,5,5,307.9,3.8,0.0,5,0
1268,da6a60cc8cc724fe51be021ff8be779c,728.79,12,13,60.7325,4.75,0.0,13,0
2749,5656537e588803a555b8eb41f07a944b,8065.93,174,188,46.355919540229884,3.865263157894737,0.0,170,0
940,3afc536624bc2e65bddfb5db33cc01f3,312.0,6,6,52.0,3.5,0.0,6,0
173,d6ab728cf30867cf3f1a2e216ae2f9b7,2002.0,12,14,166.83333333333334,4.6,0.0,14,0
1963,058fd0aa2bfdb2274e05e1ae971dabb6,7667.9,61,64,125.70327868852459,4.346470588235294,0.0,60,0
2855,70eea00b476a314817cefde4aad4f89a,31994.65,108,114,296.24675925925925,4.379666666666667,0.0,107,0
42,718539d38d07dd351c76db862760e2e2,1318.9,37,45,35.64594594594595,4.414285714285715,0.05405405405405406,39,0
2276,54a1852d1b8f10312c55e906355666ee,17226.44,200,204,86.1322,4.368098159509202,0.0,194,3
161,73b8eb4a9a729d4019b24ed1be748cbf,692.41,8,8,86.55125,4.285714285714286,0.125,8,0
876,9ed65337433adfbedefd23dd76eaa494,1262.6,6,6,210.43333333333334,4.833333333333333,0.0,6,0
2631,003554e2dce176b5555353e4f3555ac8,120.0,1,1,120.0,5.0,0.0,1,0
113,c6381b1321d7d97717a5bb4ed5b77882,66.0,2,3,33.0,3.0,0.0,3,0
1742,2c9005d8043aff18b8557ffb7b13cda4,109.9,1,1,109.9,5.0,0.0,1,0
2172,94d76e96eedd976258cd3278ce56d5f2,385.61,1,1,385.61,5.0,0.0,1,0
2420,83353a83fd769dfafa4f21a72b15e3e5,579.5,5,5,115.9,3.8,0.0,5,0
2983,50bf89f1349bc0409a268c3a49678009,179.9,1,1,179.9,5.0,0.0,1,0
632,92992bec39dde5766f590d3b1f46d465,109.0,1,1,109.0,1.0,1.0,1,2
1595,70f84699be677ec988d1fa824aef7d90,1588.3,5,5,317.66,4.6,0.0,5,0
1372,fe19dce63ae80346207c6c55713d1023,49.9,1,1,49.9,5.0,0.0,1,0
658,a4b8d97cd5d3674eeff96abc99d8ed67,214.08,1,1,214.08,1.0,0.0,1,0
2990,c54679b132454625907c773d273d4126,1032.0,7,8,147.42857142857142,4.857142857142857,0.0,7,0
815,01cf7e3d21494c41fb86034f2e714fa1,9729.36,61,67,159.49770491803278,4.1034,0.0,59,0
440,6ba4733aa33f6386e9fb0c0fd3993b38,149.79,3,3,49.93,4.666666666666667,0.0,3,0
1422,8ae520247981aa06bc94abddf5f46d34,16320.99,65,65,251.09215384615385,4.491071428571429,0.0,65,0
2054,e3d3b3efac954a60d61be70b7e05b49b,1282.05,3,3,427.35,4.333333333333333,0.0,3,0
1004,822b63912576852aea9a8436d72317b7,4905.69,8,9,613.21125,3.8333333333333335,0.0,7,0
2702,8fe8786ee000001ab51d030dfd4a7bf1,2255.0,5,5,451.0,4.6,0.0,5,0
57,05e107217c7266362fd44b75b2cd4cc4,193.38,5,8,38.676,4.1675,0.0,5,0
3071,270d3ef21830ad0ecf3a6c53d08a533a,509.0,6,18,84.83333333333333,2.3333333333333335,0.0,6,0
2404,bac44fa8e13424950488659b5f765c41,19.9,1,1,19.9,5.0,0.0,1,0
1313,87d3c3aeb3ead335511b3ce315eb341e,749.35,15,15,49.95666666666666,3.5,0.0,15,0
19,8b28d096634035667e8263d57ba3368c,9375.7,143,155,65.56433566433566,3.973425925925926,0.006993006993006993,136,0
160,d32e3909cfb714fb2a6cb092c85b9c5f,2827.9,10,11,282.79,3.5,0.0,10,0
2721,586a871d4f1221763fddb6ceefdeb95e,198.0,1,2,198.0,1.0,0.0,1,0
644,c6bda72e4dbf5c5866b13cb1810c6d03,14059.38,59,59,238.29457627118643,4.3979591836734695,0.0,58,0
824,2b03ac196f5ed62ac483960fe0fa3b65,843.1,7,7,120.44285714285714,4.142857142857143,0.0,7,0
3093,b2eecf5ea250510da76590ca79d60e5d,1060.0,9,11,117.77777777777777,5.0,0.0,9,0
1857,a35124e2d763d7ca3fbe3b97d143200f,411.5,4,7,102.875,4.75,0.0,4,0
1262,e0b162a693bc7f9eab00f783a31d60ea,20.0,1,1,20.0,5.0,0.0,1,0
357,ad8b531ae67582f096925cff5630d0d1,208.35,3,3,69.45,3.0,0.3333333333333333,3,0
2366,984c273121e743dd14767befe6cb17f5,259.6,1,1,259.6,1.0,0.0,1,0
1143,a254c682cc01e119f83530446f1df9a9,569.4,6,7,94.9,4.0,0.0,6,0
769,ea566164622c6b439516ab18062c42cd,10309.42,50,52,206.1884,3.7575,0.0,49,0
1782,f44b6f775a2b390380e0e30b5c9d3eee,2930.0,10,10,293.0,4.9,0.0,10,0
2661,5e25c632f9db6cfb8bc100421c2737b6,259.0,1,1,259.0,5.0,0.0,1,0
266,ea67327e24487bdfac5fbfa37ea124df,6250.18,32,34,195.318125,3.5344827586206895,0.0,33,0
2543,f9eedec3129e8cc6b6429c42d0808c5b,789.8,2,2,394.9,4.5,0.0,2,0
1550,82921991ff5b557b045605b8bbf08d49,18.9,1,1,18.9,5.0,0.0,1,0
1287,3d621842b2ed28e2b474132480edac3c,928.91,10,10,92.891,3.8333333333333335,0.0,10,0
366,35ef5aa32949680f627efec3c23e705c,361.6,4,5,90.4,3.75,0.0,4,0
307,062ce95fa2ad4dfaedfc79260130565f,7521.0,55,60,136.74545454545455,4.052083333333333,0.0,55,0
2352,2075d8cd4dd63ff12df0749a5866bb06,184.7,3,3,61.56666666666667,5.0,0.0,2,0
1644,c13fb473e7cb8b83ccd543c094df0608,54.8,2,2,27.4,3.5,0.0,2,0
91,863d2ebcd347ce4922de7a0f9a5581d6,1382.36,18,19,76.79777777777778,3.8529411764705883,0.0,19,0
2764,659e8466eb3ff1b0e8740d74fb7bbedd,1486.8,11,14,135.16363636363636,4.363636363636363,0.0,12,0
305,16090f2ca825584b5a147ab24aa30c86,25716.44,402,410,63.97124378109453,4.071484716157205,0.0,359,3
1606,0791d9fc1e30678ecf03d3e55fa108d3,842.0,5,11,168.4,4.0,0.0,7,0
1312,fa1a9dec3a9940c072684a46728bf1fc,6674.0,55,60,121.34545454545454,4.098958333333333,0.0,57,0
743,077c5fae4bea9500e3737b16f71b9d3a,106.8,4,6,26.7,4.5,0.0,4,0
1484,cc3d14116804f7209f3884f6367f1152,5477.8,27,30,202.88148148148147,4.62962962962963,0.0,27,0
2684,1f50f920176fa81dab994f9023523100,106939.21,1404,1931,76.16752849002849,4.144381443298969,0.0007122507122507123,929,1
10,180c3376aff0e43dd5788709df48a843,4513.0,5,10,902.6,4.25,0.0,5,0
1940,5b2e94f2c22b39ccc24d34ad0f669672,949.78,10,10,94.978,4.9,0.0,10,0
1984,b839e41795b7f3ad94cc2014a52f6796,42829.0,33,36,1297.8484848484848,4.103448275862069,0.0,33,0
3068,2addf05f476d0637864454e93ba673d5,4552.0,12,12,379.3333333333333,5.0,0.0,12,0
2168,6860153b69cc696d5dcfe1cdaaafcf62,3827.63,74,84,51.72472972972973,4.041666666666667,0.0,68,0
2636,377bc18334c78dd2f1535ef22a3ad225,135.98,1,1,135.98,5.0,0.0,1,0
1602,68ca56ce86830f3d31b1b7ec6a54da3e,719.59,6,6,119.93166666666667,3.8333333333333335,0.0,6,0
2773,d3674f271c91f824f82d24d92011f669,1718.3,20,20,85.915,4.078947368421052,0.0,19,0
822,265fdc289dffa9f1ad801c74f7d0de47,495.0,1,1,495.0,5.0,0.0,1,0
2544,0bebbb2cea103a4a020c95d43fd7d754,1367.2,9,9,151.9111111111111,4.9375,0.0,9,0
1662,13d95f0f6f73943d4ceffad0fc2cd32c,249.99,1,1,249.99,3.0,0.0,1,0
823,850f4f8af5ea87287ac68de36e29107f,45355.36,187,192,242.5420320855615,4.265481481481482,0.0,167,3
2825,6f83d9e4da896daae20b9b6b2d3ff8d2,765.19,11,11,69.56272727272727,4.333333333333333,0.0,9,0
3078,6025c79c035c3d772133b8b8238463b2,989.74,2,4,494.87,5.0,0.0,3,0
1118,606ce7768feac12c5e8bd58db8b08f0f,2916.6,5,5,583.32,4.8,0.0,5,0
2796,9d4db00d65d7760644ac0c14edb5fd86,9979.7,98,100,101.83367346938776,4.4744,0.0,92,0
1990,37303482a42fb700d8d127e70a9cd6c8,148.89,2,2,74.445,3.0,0.0,2,0
241,4324dd16853115efb0fd9d0d131ba6f4,1052.25,12,18,87.6875,4.083333333333333,0.0,12,0
175,66922902710d126a0e7d26b0e3805106,14362.3,151,156,95.11456953642384,4.45017094017094,0.0,144,0
1025,e83c76265fc54bf41eac728805e4da77,237.3,8,8,29.6625,3.625,0.0,8,0
596,6f1a1263039c76e68f40a8e536b1da6a,256.39,4,7,64.0975,1.5,0.0,4,0
50,a23266650e7c84bb93fbbba502137478,1512.4,11,16,137.4909090909091,3.8181818181818183,0.0,11,0
3018,8f2ce03f928b567e3d56181ae20ae952,21712.9,153,175,141.91437908496732,4.153495934959349,0.0,152,3
2891,bd65d163ded559eb90a10cd09fec178f,19.8,1,2,19.8,4.0,0.0,2,0
13,83f2b4881141ce3fcd4e985125d3279e,60.7,3,3,20.233333333333334,5.0,0.0,3,0
1319,709e16e2b25c7474d980076c6bfc4806,5151.9,60,80,85.865,4.503269230769231,0.0,60,0
1776,1127b7f2594683f2510f1c2c834a486b,6851.33,114,132,60.09938596491228,4.123762376237623,0.03508771929824561,117,0
1104,efff9341f3f8f5237b44ff67ed36a7bf,872.99,5,5,174.598,4.4,0.0,5,0
2890,0ddefe3c7a032b91f4e25b9c3a08fca1,402.9,9,10,44.766666666666666,4.54125,0.0,8,0
2,0bfd0b434243adc5c2e1aa6baf19c6aa,371.2,6,6,61.86666666666667,3.6666666666666665,0.0,6,0
699,8602a61d680a10a82cceeeda0d99ea3d,826.99,17,19,48.646470588235296,4.566666666666666,0.0,17,0
1936,28f10b1c5e5abb9d4857745bede6147c,835.0,28,28,29.821428571428573,4.04,0.0,26,0
1975,b8555308bfdb4ca1ed54325a58da9a97,3047.2,26,28,117.2,4.0,0.0,25,0
2770,001e6ad469a905060d959994f1b41e4f,250.0,1,1,250.0,1.0,1.0,1,2
246,269c5fc9fcadee614364c3620c30a1f9,209.6,3,6,69.86666666666666,5.0,0.0,3,0
75,f1ce5fdecd64935c28b9ff932751d0dc,158.0,2,2,79.0,4.5,0.0,2,0
1603,4da0e408c99d2fdc2126dc9fce518060,3026.0,44,54,68.77272727272727,4.401794871794872,0.0,48,0
128,634964b17796e64304cadf1ad3050fb7,39465.1,268,326,147.25783582089554,4.070062893081761,0.0037313432835820895,213,3
1942,c273175f7c6c80fb02f051e2fc6d0d72,1188.23,14,14,84.87357142857142,3.7857142857142856,0.0,14,0
1992,e62b2d6ac10570a035a30bafcf01d263,5340.39,62,71,86.13532258064517,3.9134,0.0,60,0
2275,4a82c4af97ffc0fb2dc26bfdc03b1842,143.7,3,3,47.9,5.0,0.0,3,0
344,e1bed63d68ac36fe1f3061befe196af5,199.0,1,1,199.0,5.0,0.0,1,0
1078,4f1f1c8666cdb6442f775c4e8caed465,944.98,2,2,472.49,5.0,0.0,2,0
2857,79b93a308a97792cf53ac75f46da00b5,99.9,1,1,99.9,5.0,0.0,1,0
2799,3dbbce181edfaa4a597ec858c382d2ec,848.3,17,20,49.9,4.235294117647059,0.0,18,0
534,d03698c2efd04a549382afa6623e27fb,8865.47,18,21,492.5261111111111,4.5,0.0,18,0
2140,186cdd1b2df32caa72cfb410bba768d3,1341.45,6,6,223.575,5.0,0.0,6,0
1522,9d39404483343dd55c7ae254494d8388,293.2,10,10,29.32,3.5,0.0,10,0
355,26e2e5033827d2ba53929f43e03d8ffe,139.49,1,1,139.49,5.0,0.0,1,0
1967,0e72c1a751b496722a6cb1f10653b62a,140.8,3,3,46.93333333333333,4.666666666666667,0.0,3,0
637,3f9be91358837bff69df67edfa3e42e8,569.7,7,7,81.38571428571429,4.666666666666667,0.0,7,0
2575,fe9d9cf8631285d5982c6e2cf27fb114,69.9,1,1,69.9,4.0,0.0,1,0
1279,88460e8ebdecbfecb5f9601833981930,31546.55,248,302,127.20383064516129,3.589622641509434,0.004032258064516129,174,3
1403,ae45ad30c2d2e5913094769690a239d2,251.8,1,2,251.8,5.0,0.0,1,0
2528,a5a1bfcf728ab0e19182959cf0771ee4,1812.96,21,24,86.33142857142857,4.315789473684211,0.0,19,0
2952,157c3e4b42f81ac4a44e8b1ca2fe9876,2548.5,23,31,110.80434782608695,3.7272727272727275,0.0,23,0
2599,782f78b632a43875dd5b53e3e49c9564,146.01,2,3,73.005,3.0,0.5,2,2
222,5bffbafbb22daf6d3bfc216a46db8708,5239.7,21,23,249.5095238095238,4.7631578947368425,0.0,21,0
1006,0aea4c6ae1505b3228ddf3dd7822ee5b,1427.91,8,8,178.48875,3.875,0.0,8,0
2742,c8143b3069f6746a77421b5ce30a450c,142.47,1,1,142.47,5.0,0.0,1,0
2683,79ed755314cfe6df0daef2c6cd3022cd,3907.5,23,25,169.8913043478261,4.714285714285714,0.0,23,0
2791,1f2eebc0e970fd3c463e4f5d9652687a,44.99,1,1,44.99,5.0,0.0,1,0
3046,8cbac7e12637ed9cffa18c7875207478,2990.98,67,82,44.64149253731343,4.161311475409836,0.0,65,0
922,96e5dc09087bad639b4ee193104ec2e5,101.9,2,2,50.95,4.5,0.0,2,0
453,dd4d95ba2d15c071e6c695e2ef6ce169,1748.0,4,4,437.0,4.25,0.0,4,0
787,bb2afe2061d53c6968aa0cffa233a8ec,549.4,5,6,109.88,4.8,0.0,5,0
2099,ce69a8021d18961dd2a40269b7c2c293,4818.0,19,19,253.57894736842104,4.5,0.0,18,0
2920,7c9130f5f3729edd32aa059141d92484,126.0,3,4,42.0,3.3333333333333335,0.0,3,0
2555,7238f877570096ae403c51898fa64566,1200.0,3,3,400.0,5.0,0.0,3,0
182,3b18f9856c6eb2413eafedb58e9eecd9,315.0,1,1,315.0,5.0,0.0,1,0
1950,c004e5ea15737026cecaee0447e00b75,4700.0,2,2,2350.0,1.0,0.5,2,2
528,fe1b067411b8c5066e962aa146ccee03,847.78,8,8,105.9725,4.666666666666667,0.0,7,0
563,6e4f5ff6b086632ba8dcb558fb10249e,838.9,5,5,167.78,3.4,0.0,5,0
1549,a13580f0e8f782b7a543885a0ef99f08,1304.9,10,10,130.49,4.4,0.0,10,0
3047,c0563dd588b775f2e37747ef6ad6c92c,3697.2,28,28,132.04285714285714,4.388888888888889,0.0,28,0
811,eb3071b9f0b0ddaa2df5ea130f09f26b,6230.0,9,11,692.2222222222222,4.555555555555555,0.0,9,0
1474,9b76ad3d04236f76bc71c59470305e13,394.7,2,3,197.35,5.0,0.0,2,0
1616,b452cb0ae35044c4a53179c39f49fb06,63.7,2,2,31.85,4.0,0.0,2,0
667,850913d59ce317156b00f3705f1c3edb,2690.0,32,34,84.0625,3.444444444444444,0.03125,29,0
1613,e64d65bc8dbec2accda90c58de5d1246,1678.8,12,12,139.9,3.7777777777777777,0.0,9,0
481,55029529919c0123526150bd26ca8f20,453.95,7,7,64.85,4.75,0.0,7,0
1828,a435b009cd956ea60748b5cfbddf2e24,361.18,3,3,120.39333333333333,4.333333333333333,0.0,3,0
1779,95ec4458365c4d11f452ccf538377619,1866.76,27,31,69.13925925925926,4.695454545454545,0.0,30,0
2098,7a67c85e85bb2ce8582c35f2203ad736,141745.53,1160,1171,122.1944224137931,4.2115498938428875,0.0008620689655172414,1063,1
2675,e1dc0754bada9ee4cfe9713f22f61292,885.0,12,12,73.75,4.15,0.0,11,0
382,713e3a23ca5e47786eb6f0d99f94cfac,1126.0,4,4,281.5,4.75,0.0,4,0
1804,cee48807215b30a12ca2ca10ffb5f250,7212.23,39,40,184.92897435897436,3.805555555555556,0.0,38,0
438,4450bd8327d471c4a11a83d1445b1b62,199.0,1,1,199.0,5.0,0.0,1,0
853,eaaa46e98c9e61f6764dd1d7a2ab8b3e,98.0,1,1,98.0,5.0,0.0,1,0
378,e3dd723429d1b23614b7fa85e2c7a853,471.05,7,8,67.29285714285714,3.7142857142857144,0.0,7,0
2579,343e716476e3748b069f980efbaa294e,922.6,17,24,54.27058823529412,4.232142857142857,0.0,24,0
2526,08061dc0fc165ed41288cc7acde738ee,123.8,4,4,30.95,4.5,0.0,4,0
2073,bd15ee794d5e640d9dd71b665b2ab15b,374.8,12,12,31.233333333333334,4.0,0.0,12,0
1349,ba6b4a237f92479743cf0ca06b67a9ac,801.89,8,8,100.23625,4.25,0.0,8,0
1050,bafc5aa11e413978be29040f51342e70,1679.55,9,9,186.61666666666667,3.7777777777777777,0.0,9,0
1788,3d3ccf2b2f8134b10dce9dd446f0e075,608.6,3,3,202.86666666666667,3.3333333333333335,0.0,3,0
2393,cda598c48d7c614bc1cad7d8ff6f0010,1118.6,17,18,65.8,4.066666666666666,0.0,17,0
799,e4fc40017a6d22c46a14ac2e17f87c3e,387.0,3,3,129.0,2.3333333333333335,0.0,3,0
276,747e73c01a4593d4cf60dcf970fd2689,2217.99,3,3,739.33,4.333333333333333,0.0,3,0
1523,e0482f2c769468c3bbcd8a01e09d98c5,189.0,1,1,189.0,4.0,0.0,1,0
1044,8629a7efec1aab257e58cda559f03ba7,45.22,1,1,45.22,1.0,0.0,1,0
97,d3dcf0604eabf0224fbd5948b5e02f69,2902.3,9,9,322.47777777777776,3.888888888888889,0.0,9,0
1823,8476243f92442881ddd5b578975cf115,7838.0,12,12,653.1666666666666,4.1,0.0,10,0
1848,5566627eab3fe93fd6ee08798226101a,85.5,5,5,17.1,4.4,0.0,5,0
589,6750d71153f00fc58829af2a8ef1bcf1,3514.0,6,6,585.6666666666666,4.166666666666667,0.0,6,0
2925,1f867308a0ce13133a4e639ff4de0c02,875.1,7,13,125.01428571428572,4.142857142857143,0.0,7,0
1167,a4b6b9b992b46e9ef863637af96e04bc,7147.0,7,14,1021.0,3.2857142857142856,0.14285714285714285,7,0
2388,b45d7ebfb7378630f1bcd74b6ff86ff7,1007.5,5,5,201.5,3.8,0.2,5,0
555,44717f64ec2a457979cf83c429077666,107.0,2,3,53.5,5.0,0.0,2,0
3054,4e85b538b0dad58852641540686d0e14,361.98,4,4,90.495,3.75,0.0,4,0
1583,822bad9bc42b51213ba522fe87b7ab5d,5160.0,18,18,286.6666666666667,4.176470588235294,0.0,17,0
329,63191ead8d3b2f937cd1996fdcbbad20,367.0,1,1,367.0,5.0,0.0,1,0
682,d9bd94811c3338dceb4181f3dbc0c73e,6911.02,54,61,127.98185185185186,4.8686842105263155,0.0,50,0
567,a3f0b55de503387383c7b1de3ad7f678,4348.4,24,26,181.18333333333334,4.431818181818182,0.0,25,0
44,7210cd29727d674c00741e5e387b3ccd,729.09,9,13,81.01,4.53,0.0,9,0
1144,ffa6adafb71b807dc13159e26431354c,2669.9,18,18,148.32777777777778,3.735294117647059,0.0,18,0
2150,de66a66f2dd06bb9ec37aa96987466a3,353.32,7,8,50.47428571428571,4.111666666666666,0.0,7,0
816,5f5a58930c3c35f3b5af264f34fb8c85,560.0,3,3,186.66666666666666,5.0,0.0,2,0
2598,79565f7d5603b24ddf07ade262547f2f,385.0,8,8,48.125,4.0,0.0,8,0
1585,f0563bacf40c311f1c4d3d6b67b8a7a7,1199.0,1,1,1199.0,1.0,0.0,1,0
2391,ef0ace09169ac090589d85746e3e036f,16223.3,129,140,125.76201550387597,4.4040860215053765,0.0,117,0
1646,ceb7b4fb9401cd378de7886317ad1b47,399.9,1,1,399.9,3.0,0.0,1,0
1398,55d3daac7c404d59e51c2aa2f4dc5a23,4480.6,21,28,213.36190476190475,4.095238095238095,0.0,21,0
1987,caa9bc43a9fe8cf9c564ddd8a03cc4a6,803.87,13,14,61.83615384615385,4.697272727272727,0.0,12,0
507,6c77cd583b36a13aacccf2b3ee23e233,18.9,1,1,18.9,5.0,0.0,1,0
1022,700f03c207639c22d933381ff60b35c2,1189.86,4,4,297.465,4.0,0.0,4,0
2951,de0c78824586e9a5f5f04fd84e25df39,2489.3,14,16,177.80714285714285,4.615384615384615,0.0,13,0
944,31344c16881c08a8a72c6d2eb29918c1,9615.7,43,43,223.62093023255815,4.404761904761905,0.0,42,0
847,ed859002ad59dbf8cf3602696a6c3000,2421.7,7,13,345.95714285714286,3.84,0.0,6,0
419,b26741d31a563d769b4af0465ab20c56,648.0,2,2,324.0,4.0,0.0,2,0
1336,b1aaae6b66ad3c40f54b389d7ea4bee0,1176.5,15,17,78.43333333333334,4.4,0.0,17,0
664,5ee7fd217d08dfe5d3e2f51f96a12c9a,1165.5,9,9,129.5,3.5,0.0,9,0
3035,5b0cc932433fa5184b5b94bfe6bcc256,1437.8,12,17,119.81666666666666,3.4811111111111113,0.0,11,0
2601,3442f8959a84dea7ee197c632cb2df15,218.7,3,3,72.9,3.0,0.0,3,0
2760,5f5b43b2bffa8656e4bc6efeb13cc649,3677.2,27,29,136.1925925925926,4.4,0.0,28,0
2235,7f5e4d5efad7e44b91115dd1decb65f3,179.9,3,9,59.96666666666667,5.0,0.0,3,0
551,71dc18fd8cbf5fd77f45dd8b427abb34,1080.0,4,9,270.0,5.0,0.0,4,0
2214,cb3dd9ce66268c7a3ca7241ac70ab58c,2879.76,50,52,57.5952,4.26595744680851,0.02,51,0
948,de09d00cfc265b8804c7df34075a68fa,784.0,3,3,261.3333333333333,3.3333333333333335,0.0,3,0
95,f235413f677777a0738ff215d0184901,1696.7,3,3,565.5666666666667,3.6666666666666665,0.3333333333333333,3,0
1540,fcba71d4d5db057f43249145e4eb1e27,494.55,3,3,164.85,4.666666666666667,0.0,3,0
2540,855668e0971d4dfd7bef1b6a4133b41b,32208.16,312,327,103.23128205128205,3.7295098039215686,0.00641025641025641,301,3
1434,e84ad2127668df3aafc6b73531a0beb8,987.0,19,23,51.94736842105263,4.333333333333333,0.0,19,0
519,23ca5f678e0b3ea6c630b30fa8bf51ea,183.0,6,7,30.5,5.0,0.0,6,0
172,cad9969167c09b48ae6f1d123f7fa68d,43.2,2,2,21.6,3.0,0.5,2,2
1250,9da1ca0bef29ee170e541927a5aeabdc,1484.4,6,6,247.4,3.0,0.0,6,0
965,520b493b57809f446cb0a233bb3e25c7,3698.9,63,73,58.712698412698415,4.379019607843137,0.0,63,0
409,35857757f553273b1056c1cabdace7fb,454.6,6,6,75.76666666666667,4.0,0.0,6,0
1966,4d6d651bd7684af3fffabd5f08d12e5a,43587.4,369,395,118.1230352303523,4.23390350877193,0.0027100271002710027,356,3
30,d26aa40b90272d4843d63be7c1462c8d,152.9,2,2,76.45,4.5,0.0,2,0
2303,53088c75f948b48a7ece173ac17f0c12,261.7,3,3,87.23333333333333,5.0,0.0,3,0
2828,0dfbed20065e425d2eaefb101f9816c0,84.35,3,3,28.116666666666667,2.6666666666666665,0.0,3,0
2345,c0f783394e37cd9c9d7f5f81141450fa,249.4,6,6,41.56666666666667,3.6,0.0,6,0
521,0cbcee27c791afa0cdcb08587a2013a8,5324.15,39,41,136.51666666666668,3.8289473684210527,0.02564102564102564,39,0
2605,73da1880b39c71de2b262bc7720c1494,398.0,2,2,199.0,5.0,0.0,2,0
936,81a1104df0f08b59c68aa5b03cfe398e,9420.88,73,73,129.0531506849315,4.271451612903226,0.0,71,0
1561,7586919161935337bf6b6d7ff5779648,1664.71,11,18,151.33727272727273,3.8181818181818183,0.0,11,0
981,6b15924333bd1a741595fe981ea04822,614.32,21,21,29.253333333333334,4.725,0.0,21,0
2149,1a932caad4f9d804097d7f8e615baed1,4661.0,20,30,233.05,3.9,0.0,20,0
1334,a72f15980dc3e9bfd1a49ac9b2f3af65,89.9,1,1,89.9,4.0,0.0,1,0
1221,8b87cd0d43d49b9bdf40f56229364d59,1552.9,5,5,310.58,2.6,0.0,5,0
2465,443d880f15cbd3572885e1d44bf2c478,94.8,1,2,94.8,2.0,0.0,1,0
249,ea00f977a203ff88adf7057cb7806998,389.72,19,19,20.51157894736842,4.111111111111111,0.0,18,0
255,be1e9e378700cecaa4ebf71433d7915c,119.89,2,2,59.945,3.0,0.0,2,0
1678,b1fecf4da1fa2689bccffa0121953643,3669.64,19,20,193.13894736842104,4.96875,0.0,18,0
3073,bd4889b5e9133b35b66e42a8665cea5c,6271.9,36,42,174.21944444444443,4.4,0.0,36,0
639,70c0fda4c313d87115644d39e62eec60,25.99,1,1,25.99,5.0,0.0,1,0
209,376d67b61dce0c990155286e7ae486a4,94.0,1,1,94.0,4.0,0.0,1,0
296,8ccf3cf69651cc1d8a02c8bfaf3b8568,250.0,2,2,125.0,3.5,0.0,2,0
74,f626e15b7314c267e4429010866f70e9,193.55,5,7,38.71,3.8,0.0,5,0
937,820c7c9eaf76d2b226b6c242bcf3f34d,559.0,1,1,559.0,4.0,0.0,1,0
138,d4828feed4cda2cd9d6b37899a95a71e,39.9,1,1,39.9,2.0,0.0,1,0
34,014d9a685fd57276679edd00e07089e5,729.88,11,12,66.35272727272728,3.7272727272727275,0.0,11,0
1774,a70e9066dbfd10b6b97a3f54a1356762,1716.0,2,4,858.0,5.0,0.0,2,0
2538,e5cbe890e679490127e9a390b46bbd20,908.99,2,2,454.495,4.5,0.0,2,0
1747,c12b92bf1c350f3e6bf88d3596219c86,4808.78,17,17,282.8694117647059,3.769230769230769,0.0,15,0
947,08084d990eb3f53af056ccbc1730c8a7,372.5,12,12,31.041666666666668,4.454545454545454,0.0,12,0
1748,6ee85be3693ed79a8e80718743d80655,484.5,9,13,53.833333333333336,2.5,0.1111111111111111,9,0
761,5996cddab893a4652a15592fb58ab8db,810.0,1,1,810.0,5.0,0.0,1,0
1411,8378eb36b6b70c5734e83ad7b8cdc3b7,1714.8,7,13,244.97142857142856,3.857142857142857,0.0,7,0
972,e26901d5ab434ce92fd9b5c256820a4e,11990.9,202,221,59.36089108910891,4.062357723577236,0.0049504950495049506,171,3
2864,fe8055980a4ff7f64ed889c2b5926929,196.7,3,3,65.56666666666666,4.666666666666667,0.0,3,0
1084,bc30de0d71bd6260b936a026b5cf7200,392.37,3,3,130.79,4.666666666666667,0.0,3,0
90,b8bc237ba3788b23da09c0f1f3a3288c,13685.71,45,47,304.1268888888889,4.32051282051282,0.0,40,0
1681,f9903dd0f812c7e771fcad47b6fff231,1684.85,10,15,168.485,3.111111111111111,0.0,10,0
2130,a0d7fbb07bb5ebc3b05980e750db56f3,848.99,3,4,282.99666666666667,2.3333333333333335,0.0,4,0
904,397c4d0c005b6f41f90098ac724e28cb,8177.0,5,5,1635.4,4.4,0.0,5,0
1956,9a03a4e9eb0b947652fae4f6121a3f5e,1497.0,7,7,213.85714285714286,3.857142857142857,0.0,7,0
2872,54219883e72aad869adfb2a54b7bfa0f,6750.0,5,5,1350.0,3.2,0.0,5,0
443,080102cd0a76b09e0dcf55fcacc60e05,5716.78,124,130,46.10306451612903,4.510102040816326,0.0,124,0
2900,325f3178fb58e2a9778334621eecdbf9,981.7,36,46,27.269444444444446,4.428571428571429,0.0,37,0
3032,720e6cf846ea7572cbb66b743fb91e6c,54.0,1,1,54.0,5.0,0.0,1,0
2329,a13aaf2d2886ab9fb30fb9a920160b8f,1011.52,4,4,252.88,4.5,0.0,4,0
2754,623ad9d0c1e14bb5464a8c72bff7b4af,95.0,1,1,95.0,4.0,0.0,1,0
2060,b410bdd36d5db7a65dcd42b7ead933b8,7726.9,44,44,175.61136363636365,4.625,0.0,32,0
2682,bba8d0c234a52b87b3957037a215d1a4,120.0,1,1,120.0,5.0,0.0,1,0
526,c990d6cf976a5718aaedc539f383ab88,200.9,10,11,20.09,3.3,0.0,10,0
2594,6235903333ba7de1928c869e268e5964,94.06,1,1,94.06,5.0,0.0,1,0
1428,d566c37fa119d5e66c4e9052e83ee4ea,5145.7,65,73,79.16461538461539,4.7234,0.0,64,0
393,52bb00821bcdd358a5a5a27e1f6be5a1,349.8,2,2,174.9,4.5,0.0,2,0
524,602044f2c16190c2c6e45eb35c2e21cb,3739.16,50,57,74.7832,3.1785714285714284,0.0,52,0
2800,9200e6ce317b67196b6b0bad4d4bd567,36.9,1,1,36.9,3.0,0.0,1,0
312,b74d1c09cb380e1d03a6f859c6f4224b,2221.6,31,39,71.66451612903226,4.225,0.0,30,0
1151,a11a0e0ca67423425691db355cff69b0,448.9,2,2,224.45,5.0,0.0,2,0
498,138dbe45fc62f1e244378131a6801526,1125.56,49,58,22.97061224489796,4.038461538461538,0.0,48,0
862,9d5a9018aee56acb367ba9c3f05d1d6a,10292.31,67,79,153.61656716417912,4.459016393442623,0.0,73,0
1185,3fd1e727ba94cfe122d165e176ce7967,2805.2,37,38,75.81621621621622,3.7776666666666667,0.02702702702702703,36,0
494,516e7738bd8f735ac19a010ee5450d8d,6643.09,76,84,87.40907894736843,4.543148148148148,0.0,75,0
469,7b8e8ec35bad4b0ef7e3963650b0a87b,2244.28,5,5,448.856,4.8,0.0,5,0
118,7d484ca289afaac6bf5fc6a1e96d2226,183.2,2,2,91.6,4.0,0.0,2,0
1265,0ed6ce5d87fd9c69eaacaeb778d67235,2141.42,43,43,49.80046511627907,4.347222222222222,0.0,43,0
1793,a806a4bb063ea7ca6d374eafa50a6058,294.4,5,6,58.88,4.0,0.0,6,0
2906,b83cedfb587e7911540e3f576d6917ce,2224.95,24,25,92.70625,4.119047619047619,0.0,23,0
488,cf8ab1616079e2793aa29d524df01bb1,14391.0,9,9,1599.0,2.0,0.0,9,0
2879,562f8cfc51f265411f487d07e9c40e7f,766.92,13,13,58.99384615384616,4.538461538461538,0.0,13,0
1986,b6e1504972665f739dec4facb9943775,1484.48,14,14,106.03428571428572,4.3076923076923075,0.0,14,0
2255,b0b346d3a89f5eb4c2968af3f083cd43,614.0,11,12,55.81818181818182,3.2727272727272725,0.0,11,0
1048,58c851d1a3c7cd3da329eb59453fed44,268.99,2,2,134.495,5.0,0.0,2,0
1101,72c38a04bd6a1c3dbc5298425a0db86d,647.3,4,5,161.825,3.75,0.0,4,0
1995,f9bbdd976532d50b7816d285a22bd01e,268.0,2,2,134.0,5.0,0.0,2,0
360,585175ec331ea177fa47199e39a6170a,3549.0,1,1,3549.0,5.0,0.0,1,0
1770,5721089ba9214e80074f27d5a03fc0eb,245.93,5,7,49.186,5.0,0.0,5,0
99,491a5ada3aa1678414e990262c4bbdc1,2840.0,2,2,1420.0,3.0,0.5,2,2
629,5343d0649eca2a983820bfe93fc4d17e,10000.64,71,111,140.85408450704224,3.979811320754717,0.014084507042253521,74,0
726,4003520d80d0bad1d5623f7aa3c63cda,70.0,1,1,70.0,1.0,0.0,1,0
3057,436bf27f2f18474fc6047702e9f8a866,29.9,1,1,29.9,5.0,0.0,1,0
1215,3a734b715d333a2588a3d54a0c9b8746,2463.52,18,24,136.86222222222221,4.0588235294117645,0.0,18,0
2999,204b4e07bddef3c9b317f70189135b22,73.4,1,1,73.4,5.0,0.0,1,0
2591,918717417d88a9f9ae9735567e6c7682,345.7,4,4,86.425,5.0,0.0,4,0
1476,9f50216bfd01913736a55a11b55ea842,1354.0,17,19,79.6470588235294,4.535714285714286,0.0,17,0
2736,33dd941c27854f7625b968cc6195a552,6787.5,5,5,1357.5,4.4,0.0,5,0
2250,f12ff17ad8bbf01ec5c33b17e506649b,6241.0,29,29,215.20689655172413,3.8035714285714284,0.034482758620689655,29,0
2105,827f8f69dfa529c561901c4f2e0f332f,3408.39,91,104,37.45483516483517,4.2644,0.0,102,0
1727,da8622b14eb17ae2831f4ac5b9dab84a,160236.57,1314,1551,121.9456392694064,4.1439954337899545,0.0,1356,1
2916,61f159ef6da2d441951d2c0efa719362,154.97,3,3,51.656666666666666,1.0,0.0,3,0
2224,e0878efa0e0b7e5313ac0b43bc04c081,5065.3,27,29,187.6037037037037,3.662857142857143,0.0,24,0
2410,a99504ac23ed125aaf5302af6cc30af9,978.0,1,1,978.0,5.0,0.0,1,0
442,525e75a6fb1454a2325ab1734bcec221,657.07,10,11,65.707,3.6,0.0,11,0
354,3be5841cdcc46de4ed3f9116f104b2c5,599.6,4,4,149.9,4.75,0.0,4,0
2254,4fae87d32467e18eb46e4a76a0a0b9ce,100.9,1,1,100.9,5.0,0.0,1,0
2866,1ca7077d890b907f89be8c954a02686a,13341.57,115,137,116.01365217391304,2.781,0.0,80,0
1238,391fc6631aebcf3004804e51b40bcf1e,39951.95,526,613,75.95427756653993,4.004308176100629,0.0,510,3
12,1c56ffe0e9dea2657fc6e95b53f40b13,183.0,3,3,61.0,4.333333333333333,0.0,3,0
479,535bf14f36346c7f59d87cece104d70c,50.0,1,1,50.0,4.0,0.0,1,0
2426,59cd88080b93f3c18508673122d26169,392.33,10,12,39.233,4.7,0.0,11,0
1792,a7c53f6b3b61adbdaa99dda97e8cbd56,99.0,1,1,99.0,4.0,0.0,1,0
2143,f46490624488d3ff7ce78613913a7711,5802.85,83,91,69.91385542168675,3.599607843137255,0.0,79,0
2513,262237171f48e85819065498cac80d7b,599.0,4,10,149.75,4.25,0.0,4,0
1354,edf3fabebcc20f7463cc9c53da932ea8,219.9,1,1,219.9,4.0,0.0,1,0
2948,d9e7e7778b32987280a6f2cb9a39c57d,722.5,11,13,65.68181818181819,3.5454545454545454,0.0,11,0
1976,55f7a3319d80f7fdf078b8f03e6725fe,3013.78,22,22,136.99,3.5525,0.0,18,0
1574,9853a239ab7b7ebbdc3a21248d5b8e1f,381.0,5,5,76.2,3.8,0.0,5,0
2486,b7ba853e9551f4558440881fd3e5c815,376.8,2,2,188.4,1.0,0.5,2,2
1283,d180e07dc1e58c31c3f0cd599dc4d945,58.8,1,1,58.8,3.0,0.0,1,0
3030,07bf9669d84d1f11be443a9dd938f698,1776.0,18,24,98.66666666666667,3.8823529411764706,0.0,18,0
1503,9674754b5a0cb32b638cec001178f799,5069.92,86,97,58.95255813953489,4.062089552238806,0.023255813953488372,82,0
899,aec99834ab5d38ead22766ada8497e87,459.0,1,1,459.0,5.0,0.0,1,0
2494,e70053bf73d1b5863932e53a9fa47496,4025.0,7,7,575.0,4.285714285714286,0.0,7,0
2892,a513150f33f99a06569e9cd5c4bb889b,677.0,2,2,338.5,4.5,0.0,2,0
935,46ef1a25845fc051c2998d878354810c,250.41,5,5,50.082,4.4,0.0,5,0
2477,11d4c477d09821164bca4f70a2eae031,83.04,3,4,27.68,5.0,0.0,3,0
675,8ec76bb0965af3f007692b26fa9d6623,1999.0,1,1,1999.0,5.0,0.0,1,0
2782,c79151301b9d90985d1fa52879213105,322.3,4,8,80.575,3.61,0.25,4,0
696,dd9661d3cda1e6feb237f0c4d8b26f2e,174.0,1,1,174.0,5.0,0.0,1,0
2396,7f02656561b680def9986c0795a8a080,84.0,2,2,42.0,3.0,0.0,2,0
2498,20a7efa9721046319bdde5d60b6b5365,501.2,3,6,167.06666666666666,5.0,0.0,3,0
969,e83e93b71371817b11d78a63ff156aee,286.0,2,3,143.0,4.5,0.0,2,0
264,d4e4b5192cba4e0e66eb12a9d347239d,441.8,12,12,36.81666666666667,4.166666666666667,0.0,12,0
1253,376a891762bbdecbc02b4b6adec3fdda,6406.23,57,58,112.39,4.648148148148148,0.0,56,0
2954,1444c08e64d55fb3c25f0f09c07ffcf2,2749.0,1,1,2749.0,1.0,0.0,1,0
270,3a3c180dd702a725bd0ba4117689239e,41.9,1,1,41.9,4.0,0.0,1,0
435,253c025bab43881055aeecde5e2d8b77,94.82,2,2,47.41,4.5,0.0,2,0
898,8d956fec2e4337affcb520f56fd8cbfd,11015.19,211,228,52.20469194312796,4.228148148148148,0.004739336492890996,204,3
384,596849622429351f47b32e6cae1055ff,1104.7,14,14,78.90714285714286,4.0,0.0,14,0
1145,e8a85b5f3df47be0984c55fd4064dbb4,743.0,8,14,92.875,4.5,0.0,8,0
1713,f1fd5ab1181f827ffad998c1a5de7d74,7045.99,15,15,469.73266666666666,4.666666666666667,0.0,15,0
2807,679769a98cfcc6da877c8486ff1c13f3,7029.0,21,21,334.7142857142857,4.55,0.0,21,0
2447,5b179e9e8cc7ab6fd113a46ca584da81,5173.5,34,36,152.16176470588235,3.7617857142857143,0.0,31,0
2577,9d489893ff6af05029671b785f54b998,298.7,5,6,59.74,4.0,0.0,5,0
2475,7b0df942f46435babab05d49b744b2c4,22600.63,32,32,706.2696875,4.464285714285714,0.0,29,0
837,e5899683388855d3dabe8913bbe365de,452.88,3,3,150.96,4.0,0.0,3,0
2894,e49c26c3edfa46d227d5121a6b6e4d37,3654.25,35,36,104.40714285714286,4.46969696969697,0.02857142857142857,35,0
2535,2f9b7ce230a057a98a9f5df5893ee36c,141.82,2,2,70.91,4.5,0.0,2,0
826,25e6ffe976bd75618accfe16cefcbd0d,11691.61,108,117,108.25564814814815,4.3861386138613865,0.009259259259259259,108,0
431,2d2322d842118867781fc737e96d59a1,176.4,8,10,22.05,4.875,0.0,8,0
2737,5b581417df4480f632484ba681e53944,1790.6,12,13,149.21666666666667,3.5,0.08333333333333333,13,0
2654,59bbc819b99a733f02f0d6b49d1c253d,139.8,2,2,69.9,5.0,0.0,2,0
2114,2e2f44824ab87a0cb961f68bf4073e7f,48.0,1,1,48.0,2.0,0.0,1,0
2961,8ff38bc3969e67c36c48343a07090f66,3472.0,2,8,1736.0,2.5,0.0,2,0
1226,e73bf2cea7fe4b0b4d287a7568ed1099,737.7,4,5,184.425,5.0,0.0,4,0
462,a3b0df0065e264a91b7bbf5f844af5cd,186.69,2,2,93.345,5.0,0.0,2,0
911,dd7ddc04e1b6c2c614352b383efe2d36,9178.51,122,143,75.23368852459016,3.8633,0.0,118,0
491,9616352088dcf83a7c06637f4ebf1c80,5703.0,92,98,61.98913043478261,4.26945205479452,0.0,76,0
2297,b5d034ac251546e25afe9067f05c1539,69.9,1,1,69.9,5.0,0.0,1,0
855,615c3462099ffa940d37b17dfda19594,229.0,2,2,114.5,5.0,0.0,2,0
2691,966cb4760537b1404caedd472cc610a5,51286.05,75,75,683.814,3.847758620689655,0.0,71,0
1615,f26d70155c2b6326fcfa1780c8c684e4,202.89,1,1,202.89,5.0,0.0,1,0
436,7c5b05cbdb5542049f38d90d7815b97d,1038.96,22,24,47.22545454545455,4.3,0.0,24,0
1248,9e6229250fedbe05838fef417b74e7fb,13132.2,74,78,177.46216216216217,3.9508196721311477,0.0,73,0
870,b16d3dadc47d4eb18be3d88bad0775ce,722.1,10,11,72.21,4.3,0.0,11,0
1564,6fa9202c10491e472dffd59a3e82b2a3,7014.24,3,3,2338.08,4.333333333333333,0.0,3,0
1397,2d34636518ba88f5349b732fcf8ba2e4,150.0,1,1,150.0,5.0,0.0,1,0
2160,f5a590cf36251cf1162ea35bef76fe84,53201.78,117,122,454.7160683760684,4.254077669902912,0.02564102564102564,118,3
2126,fa1c13f2614d7b5c4749cbc52fecda94,194042.03,585,586,331.6957777777778,4.421260997067448,0.0017094017094017094,572,3
1579,7fdb0720c8d7c9075538b365dc8c3a22,1804.0,9,10,200.44444444444446,2.4375,0.0,9,0
1844,04aba03279157f6d4e0fe8ccaf21963c,2575.9,16,16,160.99375,4.3125,0.0,16,0
3069,5dceca129747e92ff8ef7a997dc4f8ca,112155.53,325,346,345.09393846153847,3.93215859030837,0.003076923076923077,299,3
711,3d5d0dc7073a299e31fa718ce1bc00b6,790.7,23,24,34.37826086956522,4.2683333333333335,0.043478260869565216,20,0
768,24c1de8d9551c0b4fbc53317d53efda8,355.0,1,1,355.0,5.0,0.0,1,0
2243,fb8904a8ea99f8831b64ce27db2c1765,278.0,2,2,139.0,4.5,0.0,2,0
838,2a84855fd20af891be03bc5924d2b453,15819.1,164,168,96.45792682926829,4.237433628318584,0.018292682926829267,148,0
1036,36a968b544695394e4e9d7572688598f,9482.87,154,162,61.57707792207792,3.641532258064516,0.006493506493506494,146,0
2817,3d39fbf22a665714baf62fae36029e23,2504.2,8,8,313.025,4.75,0.0,8,0
149,89de2d6f23e9746ff309705b23581faa,340.0,8,8,42.5,3.0,0.0,7,0
2292,74636e24f01da9268b0ed88dacd8513e,776.0,4,4,194.0,4.0,0.0,4,0
280,e4ebd3f87bf70440014f07ddda7fbe03,671.5,7,7,95.92857142857143,4.571428571428571,0.0,7,0
2089,cb4a705d00e100b9732d0ca34817d441,998.0,1,2,998.0,1.0,0.0,1,0
1928,0417b067eeab773d2f7061a726dc477f,1859.18,13,13,143.01384615384615,4.0,0.0,13,0
88,6288c69c4ce638e59925e59193f98b16,4506.28,22,22,204.8309090909091,3.9473684210526314,0.0,20,0
188,c360e4787614ed31ac7a2f95d3b22dc6,188.9,1,1,188.9,2.0,0.0,1,0
461,01ed254b9ff8407dfb9d99ba1e17d923,1465.99,5,5,293.198,5.0,0.0,5,0
240,49f8d2ea7b718d0ce587d34207caf2b4,149.9,1,1,149.9,5.0,0.0,1,0
1878,f181738b150df1f37cb0bd72e705b193,5529.7,36,37,153.6027777777778,4.544117647058823,0.0,35,0
1467,0761743cbffb25d7148189e9f1a5f03a,241.2,3,7,80.4,4.666666666666667,0.0,3,0
2155,d13e50eaa47b4cbe9eb81465865d8cfc,7155.05,67,69,106.79179104477612,4.825,0.0,38,0
1046,f1198c871e0171278b63f40d112caeec,475.8,2,2,237.9,4.5,0.0,2,0
3048,c3f5668699a1b04c0fa61ecea1e2bff6,407.81,3,3,135.93666666666667,5.0,0.0,3,0
1328,40d54b51e962dbe09cabbcfd33298dee,6785.56,30,31,226.18533333333335,3.9827586206896552,0.0,30,0
2164,56642bcb79900e777d68e91915cb4267,3657.64,48,56,76.20083333333334,3.9651162790697674,0.0,46,0
1932,a3dd39f583bc80bd8c5901c95878921e,4607.81,34,37,135.52382352941177,4.6826923076923075,0.0,28,0
2536,39d61be7a92eb77b7da367bd4845bc0e,700.59,7,14,100.08428571428571,4.0,0.0,8,0
2792,1b0b0f4f95e962d6f32fe90c759d0479,139.8,2,2,69.9,5.0,0.0,2,0
650,3442033154be05bac582e173ef54fd12,161.0,1,1,161.0,5.0,0.0,1,0
703,b3f19518fcec265b2e97af287725f981,486.91,9,9,54.10111111111111,4.222222222222222,0.0,9,0
2700,c33847515fa6305ce6feb1e818569f13,15519.85,114,128,136.1390350877193,3.8565671641791046,0.0,105,0
226,835f0f7810c76831d6c7d24c7a646d4d,5130.0,44,50,116.5909090909091,3.3095238095238093,0.022727272727272728,49,0
1161,c840d3fdbba0790404fdae73d253b253,4522.28,9,14,502.47555555555556,3.555555555555556,0.0,9,0
843,d2f3e277560ed4c6361284429b00f037,320.55,7,7,45.792857142857144,4.714285714285714,0.0,7,0
2413,ef506c96320abeedfb894c34db06f478,9771.43,324,340,30.158734567901234,3.972888888888889,0.0030864197530864196,313,3
447,0b36063d5818f81ccb94b54adfaebbf5,765.0,1,15,765.0,5.0,0.0,1,0
1911,0570350b23eda5444f8d1d9544932058,626.9,6,11,104.48333333333333,5.0,0.0,6,0
2428,58f1a6197ed863543e0136bdedb3fce2,6833.0,44,45,155.29545454545453,4.084482758620689,0.0,35,0
298,4a1f694197d05fe70026b016a7316b41,907.77,14,23,64.84071428571428,4.615384615384615,0.0,20,0
1647,ff1e15b778c700abdd4d239b81ac466d,414.3,7,7,59.18571428571428,4.571428571428571,0.0,7,0
81,768a86e36ad6aae3d03ee3c6433d61df,587.46,17,17,34.55647058823529,4.764166666666667,0.0,16,0
1684,77fccaae319668a8ab6cd0fd16aec48c,1667.0,11,12,151.54545454545453,4.4,0.0,11,0
1944,48985c61529077fa4f1e38bcff0f2ed3,879.3,7,7,125.61428571428571,4.5,0.0,6,0
2129,dedcab67899479e4ea5dcc4eba47f587,84.0,2,2,42.0,4.5,0.0,2,0
1639,5cbbd5a299cab112b7bf23862255e43e,2726.06,36,38,75.7238888888889,4.287878787878788,0.0,35,0
800,bb7ad8a45c027be8ab075b8e465f8ca0,19.98,2,2,9.99,5.0,0.0,2,0
2455,31eec405c9bb71dec8e2629a92e764fa,256.89,5,5,51.378,4.6,0.0,5,0
204,f524ad65d7e0f1daab730ef2d2e86196,578.0,1,2,578.0,1.0,0.0,1,0
2153,c04d70d515d15a7e3db3a73320598566,158.2,3,4,52.733333333333334,5.0,0.0,3,0
3012,b6d44737c043328708f6749c2dbe50bd,5369.6,62,80,86.60645161290323,4.456140350877193,0.016129032258064516,62,0
1495,e067ad2c1c0b48758eb1b5228bcf7a68,5042.55,54,61,93.38055555555556,4.163265306122449,0.0,54,0
1021,4978a02ea9c8be7a9b5480680f40334e,2356.61,18,19,130.92277777777778,3.588235294117647,0.0,18,0
5,ca5832c6960267b71041f74bb39e8b12,79.9,1,1,79.9,1.0,0.0,1,0
1165,7c4618c82226628831613e95e9c22f44,333.93,13,13,25.686923076923076,4.076923076923077,0.0,13,0
2322,fc0b214b59a83615fea981c6424a02ae,159.9,1,1,159.9,5.0,0.0,1,0
1608,2d2c62bef4c8ba0dd74e0e228e808539,3749.0,16,16,234.3125,4.2,0.0,15,0
1429,5b67882648febfb6e1225e6ad7164f6b,6813.48,27,30,252.35111111111112,4.08,0.0,27,0
283,6c12e40690c335dbc2f68a4134d30dc1,9139.2,16,18,571.2,4.071428571428571,0.0,17,0
807,582d4f8675b945722eda7c0cb61ba4c7,4702.96,59,71,79.71118644067796,4.157894736842105,0.0,58,0
624,63b464dbf392c7b80d12d932fa7cafed,6781.0,37,39,183.27027027027026,3.730967741935484,0.0,37,0
2705,c89cf7c468a48af70aada384e722f9e2,745.0,14,14,53.214285714285715,4.0,0.0,14,0
361,2c538755f1ca9540af144f266e70df6c,334.99,1,1,334.99,5.0,0.0,1,0
681,89dda63a3c907c468ec88c310ed91213,734.99,2,2,367.495,3.0,0.0,2,0
1173,07de60b03d150fb3ea09eab5da5e4c8b,719.1,9,9,79.9,4.333333333333333,0.0,9,0
2971,e81e1f9c3e762e620f3fb60a51499e16,4465.99,17,18,262.70529411764704,4.047857142857143,0.0,17,0
2227,43b2c864251aa0ce4030c746984e088a,94.8,2,2,47.4,3.0,0.0,2,0
1508,232a6014e7b10cba61c6c2b2ea6bb4b0,3919.87,33,36,118.78393939393939,4.15625,0.0,33,0
829,df683dfda87bf71ac3fc63063fba369d,39.9,1,1,39.9,1.0,0.0,1,0
1557,98f52e1020fe788c10c0418de4393fec,21.6,1,1,21.6,4.0,0.0,1,0
2865,5e9f5bd34e0830569f05c9d4f56e04a8,239.98,2,2,119.99,4.5,0.0,2,0
785,570d4583587a5fe2d47c7be89b91ad27,125.25,2,2,62.625,5.0,0.0,2,0
472,43753b27d77860f1654aa72e251a7878,23.9,1,1,23.9,5.0,0.0,1,0
643,3ef37b7ca6dd2b80bd8af81a62504996,700.0,2,2,350.0,4.5,0.0,2,0
444,b566ab0ef88016e00422755e305103c6,1208.0,5,5,241.6,3.2,0.0,5,0
2074,3d62f86afa7c73be2628a3be1423f5a0,12.0,2,2,6.0,4.0,0.0,2,0
537,c60b801f2d52c7f7f91de00870882a75,12913.5,41,41,314.9634146341463,3.362,0.0,39,0
1914,e58a5b390e28abc0b216cfb0e07d27d7,1022.6,7,7,146.0857142857143,4.916666666666667,0.0,6,0
3029,d1b9d4be4b6f9ebd85f8acd6745ba612,1154.35,11,11,104.94090909090909,4.181818181818182,0.0,11,0
1401,26d8a1c7c75d513045798992ead43aa2,8244.12,36,38,229.00333333333333,4.303030303030303,0.0,35,0
373,9ac75591b69c3402684b6ce0310f22ee,60.5,1,1,60.5,5.0,0.0,1,0
252,c542f5a8c64d973f30e9df8d06f70b4a,81.0,1,1,81.0,1.0,0.0,1,0
31,a7ecf689b40a44361e259b28939023e4,389.0,1,1,389.0,5.0,0.0,1,0
343,d1c281d3ae149232351cd8c8cc885f0d,26942.6,215,240,125.31441860465117,3.75,0.0,224,3
1199,c5f7e746b7e6d07def6c0dae9903279b,1429.0,10,11,142.9,4.333333333333333,0.0,10,0
1316,0f7eea709efdf942b5f95c7516dbacd7,195.74,3,3,65.24666666666667,4.0,0.0,3,0
2534,6aa3928696eab49a19a466e665a649fd,2075.0,18,22,115.27777777777777,4.611111111111111,0.0,19,0
2448,2059c39f76271d4ca3f15b5ffaccc8b8,604.9,12,12,50.40833333333333,4.5,0.0,12,0
2695,2063dd1b9f568df1c16741ea7d3e6adb,763.1,3,3,254.36666666666667,5.0,0.0,3,0
1086,a218df5c097b0ca409cfaac1488cc7f6,130.69,4,4,32.6725,2.75,0.0,4,0
2078,15b3b1b81484422eb41df68ac87f1f50,78.35,2,2,39.175,1.0,0.0,2,0
722,218d46b86c1881d022bce9c68a7d4b15,55093.28,388,427,141.99298969072166,4.170717131474103,0.002577319587628866,378,3
2474,5c853bb56f70f4d14218944bae111d7a,263.13,23,24,11.440434782608696,3.9047619047619047,0.0,23,0
2288,1961c3e1272bfeceb05d0b78b5bbfdaf,896.0,3,4,298.6666666666667,3.3333333333333335,0.3333333333333333,3,0
1757,26e2c91ef821e1ff8985f408788fe35b,1649.4,12,14,137.45,2.8181818181818183,0.0,12,0
1097,f783a638e9c6af4a7d0dbfde811e7a81,849.8,5,5,169.96,4.0,0.0,5,0
199,834f3294fba9f932f56edc879193f925,39907.5,66,66,604.6590909090909,4.5,0.0,57,0
1374,289cdb325fb7e7f891c38608bf9e0962,13544.95,110,126,123.1359090909091,4.589558823529412,0.0,99,0
369,fe1bbc5feda5c8979a8a1b3b2512d5a6,724.72,9,10,80.52444444444444,3.888888888888889,0.0,9,0
243,4e0d109ccfba9a1151c103049880c857,279.89,2,2,139.945,3.0,0.0,2,0
2412,4677a5437afda5fa7140b927b07be1cc,3415.7,11,11,310.5181818181818,4.363636363636363,0.0,11,0
1264,e2c92f9c1c7746d899d18f2e158bbff7,1894.7,14,14,135.3357142857143,4.038461538461538,0.0,14,0
2010,bdae679a9b282249bc23b9b69dae9a99,663.15,6,12,110.525,3.5,0.0,7,0
902,9b522ba7eae9e1d04082f267144583cc,1507.6,4,6,376.9,4.25,0.0,4,0
1309,417a1e6c7321084d2a0ae0d023cfad93,48.9,1,1,48.9,5.0,0.0,1,0
1142,293dee954235e4e4e43f129313625ebe,1778.92,8,8,222.365,5.0,0.0,8,0
740,24a6daf925d9d591870a66660416de31,60.0,2,2,30.0,4.5,0.0,2,0
1178,77a515caa36327151d1cc6c32a9f00e1,2217.39,26,26,85.28423076923077,4.4,0.0,26,0
2166,ed4acab38528488b65a9a9c603ff024a,12759.45,32,40,398.7328125,3.6774193548387095,0.0,33,0
2986,cbbd5ae8f53de5f5097cd8217b529e24,351.8,2,2,175.9,2.5,0.0,2,0
856,278b6e0b20c4f61fefaa0577943d7a35,1078.0,1,2,1078.0,1.0,1.0,1,2
2027,0ad80de75c811326389cfb1daba7d45e,1449.4,6,6,241.56666666666666,5.0,0.0,6,0
230,b7d5b4b87af9d42b601865d3f3810bff,1049.0,2,2,524.5,2.0,0.0,2,0
1864,c4f7fee5b0db50e87766f5a4d1b1b758,11961.83,8,9,1495.22875,3.0566666666666666,0.375,5,0
2236,2c00c85d30361cd2ced2969cffbbffa3,49.8,1,1,49.8,5.0,0.0,1,0
1917,e439f7176d763f92de325271111b2fd5,1348.4,7,7,192.62857142857143,5.0,0.14285714285714285,7,0
1663,626ab1cd96932367f0eeec2e47046c12,1310.0,3,3,436.6666666666667,4.666666666666667,0.0,3,0
78,5c603ffb38cbbf25a0e0698941324143,348.8,2,2,174.4,1.0,0.0,2,0
573,c12d7463a579237ffb9248bd7cff378b,25.9,1,1,25.9,4.0,0.0,1,0
1998,7d81e74a4755b552267cd5e081563028,32.5,1,1,32.5,4.0,0.0,1,0
987,9ef932e837d8b7f392c0bfee9d359dc2,59.9,1,1,59.9,3.0,0.0,1,0
1451,34056b8b55c1775a22af2331670a799c,6455.4,78,78,82.76153846153846,3.891311475409836,0.0,77,0
2602,3d49bfdd1b43a7fe169b3740067acc61,215.0,3,3,71.66666666666667,4.666666666666667,0.0,3,0
2816,f3862c2188522d89860c38a3ea8b550d,15.5,1,1,15.5,5.0,0.0,1,0
2007,6902157ee16728322d61a1321fa79e58,159.8,2,2,79.9,3.0,0.0,2,0
2881,6d7f8d9d594e28796b6b3205b00f459c,417.9,3,3,139.3,3.6666666666666665,0.0,3,0
852,3ade81dab5a172b88e1871c28ae05260,5751.6,30,32,191.72,4.0,0.0,30,0
2199,712e6ed8aa4aa1fa65dab41fed5737e4,39815.0,79,87,503.9873417721519,3.52859375,0.0,71,0
250,522620dcb18a6b31cd7bdf73665113a9,57168.49,174,180,328.55454022988505,3.8848091603053434,0.0,160,3
1927,5fd924b4836098a5be0ecf81ba054ce0,1148.8,7,8,164.11428571428573,3.8333333333333335,0.0,8,0
611,131fcb0a0c9a47bba4474aacff0f14b7,369.8,4,4,92.45,4.0,0.0,4,0
621,c847e075301870dd144a116762eaff9a,15348.7,42,43,365.4452380952381,4.105263157894737,0.023809523809523808,40,0
2354,ebd1417732defaf66c50b5a800eb293e,309.0,1,1,309.0,5.0,0.0,1,0
1246,ce248b21cb2adc36282ede306b7660e5,15230.06,65,66,234.3086153846154,4.124181818181818,0.015384615384615385,62,0
2175,8daab2245ebdc277c51098d01c5ad8ef,1604.59,16,16,100.286875,4.633333333333333,0.0,15,0
1382,002100f778ceb8431b7a1020ff7ab48f,1234.5,51,55,24.205882352941178,3.9326190476190477,0.0,53,0
1206,14ee35374a7876217954b5fa08e50463,809.0,6,6,134.83333333333334,4.5,0.0,5,0
1852,6c177e38df6d3f34182b1f1d427231bf,8341.89,55,56,151.67072727272728,3.980392156862745,0.0,53,0
1937,fa5fdc4e4bb6bd1009ad0e4ac4096562,161.99,1,1,161.99,5.0,0.0,1,0
2387,7d76b645482be4a332374e8223836592,3843.93,176,187,21.840511363636363,3.938449612403101,0.0,178,0
2751,4e7c18b98d84e05cbae3ff0ff03846c2,9177.9,82,89,111.92560975609756,4.171232876712329,0.0,85,0
2479,ed4311e67debd72b8610a5347a743087,3636.0,25,26,145.44,4.590909090909091,0.0,23,0
585,dadc51ef321949ec9a3ab25cd902e23d,85.0,1,1,85.0,1.0,1.0,1,2
1775,aac51c486b672a9850d59f3e84b1cf88,728.28,10,13,72.828,4.75,0.0,10,0
2653,15cd6eefe58588619aaed41dfa6621b1,1622.74,16,18,101.42125,4.233333333333333,0.0,17,0
1310,b56906f7fd1696e043f1bcce164c487b,2148.49,40,42,53.71225,3.9743589743589745,0.0,40,0
708,c510bc1718f0f2961eaa42a23330681a,12251.0,13,13,942.3846153846154,4.083333333333333,0.0,13,0
455,8ff1a9df749e454105c55cda13e79143,1400.6,13,14,107.73846153846154,3.7272727272727275,0.0,13,0
1630,762ed976527cddf02787edba70fffa2a,179.8,3,4,59.93333333333333,2.3333333333333335,0.0,4,0
713,643c01d7c56a724bec0454f4780e8a3e,205.55,2,2,102.775,4.5,0.0,2,0
1693,447d377bdb757058acb569025ee18a93,64.99,1,1,64.99,5.0,0.0,1,0
1592,76d336555bb25f3165d2f0d6da719c40,330.0,2,2,165.0,2.0,0.5,2,2
448,3076499bbc033a927bf4a8a41bcf7fd4,359.33,7,9,51.332857142857144,4.285714285714286,0.0,7,0
1205,bbaff50f3b708fda865918715276cd87,449.7,12,16,37.475,4.75,0.0,16,0
2545,9d681c7e12db302cb261e721040dde65,785.6,13,14,60.43076923076923,4.916666666666667,0.0,12,0
930,5d9f3746e112e696f98ea22c56b3e912,1322.64,1,1,1322.64,5.0,0.0,1,0
2776,1c742ac33582852aaf3bcfbf5893abcf,97.9,1,1,97.9,5.0,0.0,1,0
701,53b0300ca793f9834cd69c0678d35ee8,1662.15,5,10,332.43,5.0,0.0,5,0
1092,bb5d956dece964a06c12bceb66b923ae,1278.36,2,2,639.18,5.0,0.0,2,0
1861,20b54c376b794ed028df09a3cd88e8dc,1342.95,11,11,122.08636363636364,3.0,0.18181818181818182,11,0
132,353e21e8bf8de2722b4fae1636664b76,208.0,4,4,52.0,2.5,0.0,4,0
322,f5f46307a4d15880ca14fab4ad9dfc9b,1422.94,9,10,158.10444444444445,4.111111111111111,0.0,9,0
2757,6560211a19b47992c3666cc44a7e94c0,123304.83,1854,2033,66.50745954692556,3.908950495049505,0.0037756202804746495,1824,1
1414,9de4643a8dbde634fe55621059d92273,17560.34,72,81,243.8936111111111,4.522388059701493,0.0,70,0
2835,039b29ff3b3473435d0cd59040575de9,114.9,9,9,12.766666666666667,4.444444444444445,0.0,9,0
2346,02f5837340d7eb4f653d676c7256523a,3883.05,30,30,129.435,4.833333333333333,0.0,27,0
2600,6b89abe95848c850399130d149a39b63,1135.2,8,8,141.9,4.357142857142857,0.0,8,0
1953,5acd070dd3fe441bbb2ec1f1ede515ee,764.17,7,8,109.16714285714286,3.0,0.0,7,0
3082,17998cf586426bf0f2c3726cb0a4b211,69.8,2,2,34.9,4.0,0.0,2,0
863,b2c97074649f92197d9387d9033dda5f,684.71,10,11,68.471,4.7,0.0,11,0
2688,94c49f20a123aeb9360dbf80ff912bf6,277.75,3,3,92.58333333333333,4.0,0.0,2,0
1106,b1fc4f64df5a0e8b6913ab38803c57a9,7994.74,107,121,74.71719626168225,3.8568235294117645,0.0,88,0
1886,1d139e3a3b14025640d8df1b230aace0,36.49,2,2,18.245,3.5,0.0,2,0
1052,f62d7bb4a613ec758a03342d46b580b2,24665.0,32,32,770.78125,4.379310344827586,0.0,32,0
289,b3b17aab11f273023a5f22ca52e1eb70,6850.0,7,13,978.5714285714286,4.857142857142857,0.0,7,0
1413,dff87e4de60c9736ce8df835951b09bc,998.0,2,2,499.0,2.5,0.5,2,2
583,d3e7d37c0df9aef383f3f2a15b0dddfb,161.0,1,1,161.0,5.0,0.0,1,0
65,ae7ab174effdead6c241e547e4ca13f0,2778.6,6,7,463.1,4.333333333333333,0.0,6,0
2938,c68fb906c8f4b4b946d8386bfa6e5467,4541.16,45,48,100.91466666666666,4.536585365853658,0.0,45,0
1202,50a7e551a7b3f8d37cd6e32d8bfbe5ea,140.0,1,1,140.0,5.0,0.0,1,0
3000,8c91bfea4263b8fba54081460693e2a1,739.0,2,2,369.5,5.0,0.0,2,0
693,134b867a0f7f8bbe6abf10f91874891e,789.89,1,1,789.89,4.0,0.0,1,0
2450,fc59392d66ef99377e50356ee4f3b4e1,519.99,5,5,103.998,3.6,0.0,5,0
2762,4aba391bc3b88717ce08eb11e44937b2,7595.87,29,30,261.92655172413794,3.896551724137931,0.034482758620689655,29,0
1400,011b0eaba87386a2ae96a7d32bb531d1,99.98,1,2,99.98,4.0,0.0,1,0
744,3a490ba60afa30ece0e7d50cfe74a4f0,1529.2,8,8,191.15,4.625,0.0,8,0
2138,cb9fb4ca75d7ba8437480e8dde64fe98,532.14,10,10,53.214,4.0,0.0,10,0
527,67883baaae6134ee81b271a542613728,8167.9,19,19,429.88947368421054,4.233333333333333,0.0,18,0
1462,dbdd0ec73a4817971d962698f2fea022,6384.0,16,16,399.0,4.333333333333333,0.0,15,0
490,cb162c8eef257253782d245c08d9097c,34.99,1,1,34.99,5.0,0.0,1,0
119,2aafae69bf4c41fbd94053d9413e87ee,94.0,2,2,47.0,4.5,0.0,2,0
627,034b9387752bfa309f350a70cd45ffa3,96.0,8,8,12.0,4.5,0.0,8,0
286,e59e575a175fadcadf8479e191770425,199.9,1,1,199.9,5.0,0.0,1,0
376,4c4d546adf3c3868fe19c9ec6e9ffda9,111.7,2,3,55.85,4.0,0.0,2,0
2963,01c97ebb5cdac52891c0ed1c37ba0012,577.5,9,12,64.16666666666667,4.3125,0.0,9,0
147,fe4cd9461203cee790d36792420b310f,391.15,3,3,130.38333333333333,4.0,0.0,3,0
2473,8de8fe3af4449ed695d2434c933ed73e,2090.0,1,1,2090.0,5.0,0.0,1,0
480,7ecd59e5e20407131822c1a68ac59c1f,1466.71,24,29,61.11291666666666,4.391304347826087,0.0,23,0
860,f3041c2e75ec683697a6a5ea82192210,145.0,1,1,145.0,5.0,0.0,1,0
1834,7d948535954aaf8c5d39db007f74372e,194.0,4,4,48.5,3.75,0.0,4,0
2067,fa14641f57b655e933124a9ea49cd7a5,359.93,7,7,51.418571428571425,4.571428571428571,0.0,7,0
2711,e433f5fd4050e3352b5d83522b7fe24b,548.06,1,1,548.06,4.0,0.0,1,0
2608,431050a06a317f2b38168dec3dcd2b46,1487.8,12,12,123.98333333333333,4.2272727272727275,0.0,11,0
1941,d66c11a9572221d92fbb8c4897db5f9b,776.56,16,16,48.535,4.461538461538462,0.0,16,0
2432,3ea08c48e851106d2f584349daba335f,170.0,1,1,170.0,4.0,0.0,1,0
3019,bdb3edbaee43a761e2d4f258dc08f348,259.5,5,5,51.9,3.625,0.0,4,0
1470,1284de4ae8aa26997e748c851557cf0e,1459.97,3,3,486.6566666666667,2.6666666666666665,0.0,3,0
989,5a425cc503b39b262a847fd6212bf53b,1360.59,15,15,90.706,4.230769230769231,0.0,14,0
2930,bc07d855eac23aab5ac8a120f21d16b2,1283.11,12,13,106.92583333333333,4.166666666666667,0.0,12,0
2278,37dd29b36c458d82f74a953c40c43645,4536.99,7,8,648.1414285714286,3.857142857142857,0.0,7,0
535,9aa388272ee334b6ae07bc73706e254a,678.0,6,7,113.0,4.333333333333333,0.0,6,0
1159,daf565f087a52def0fd5c5825b3661bc,813.9,9,9,90.43333333333334,3.625,0.0,9,0
2117,fa18c782a4866d313cadab567097f8f1,58.99,1,1,58.99,1.0,1.0,1,2
2603,a425f92c199eb576938df686728acd20,1165.8,17,19,68.5764705882353,4.294117647058823,0.058823529411764705,19,0
642,25debeafbce801fdd479539350185eee,302.84,6,7,50.473333333333336,2.6666666666666665,0.16666666666666666,6,0
3056,a2e85714b56b1cb6bb24a9a6e6cad36f,339.7,2,3,169.85,1.0,0.0,3,0
2698,5444b12c82f21c923f2639ebc722c1ea,169.9,1,1,169.9,4.0,0.0,1,0
725,656591be56071d4c9ef4e5fee78a578a,1702.0,7,11,243.14285714285714,4.571428571428571,0.0,7,0
832,04fdea0c111866e6cf812f1570d6b5bd,1055.0,10,10,105.5,3.2,0.1,10,0
907,c9a06ece156bb057372c68718ec8909b,4688.9,14,14,334.9214285714286,2.7777777777777777,0.07142857142857142,9,0
1784,edd066cd02126d7800f9b66e980e9931,987.7,6,6,164.61666666666667,5.0,0.0,6,0
1766,8648b1e89e9b349e32d3741b30ec737e,7442.55,95,103,78.34263157894736,4.164050632911392,0.0,94,0
1001,a61cc04793308395a840807104365121,14.63,1,1,14.63,5.0,0.0,1,0
746,478bfe564db21eeb44386606aa30b650,182.7,3,3,60.9,4.666666666666667,0.0,3,0
1469,21e83881401b92b49fb09a16d3852291,3588.05,14,15,256.2892857142857,4.357142857142857,0.0,14,0
2656,9f505651f4a6abe901a56cdc21508025,26361.82,397,430,66.40256926952141,4.292918660287081,0.0,374,3
2942,89d9a386b0b6e5fc8403071b03f7206a,167.0,2,5,83.5,4.0,0.0,2,0
2242,902c99f1ac505c0d18778b61bcd636f7,157.96,4,4,39.49,4.0,0.0,4,0
2024,f08a5b9dd6767129688d001acafc21e5,14069.63,11,18,1279.0572727272727,4.2,0.0,10,0
1820,48162d548f5b1b11b9d29d1e01f75a61,20510.14,68,91,301.61970588235295,3.88671875,0.014705882352941176,71,0
1863,41c9d3997dd3c072c31139dc5bb5761f,998.8,3,3,332.93333333333334,4.333333333333333,0.0,3,0
1764,eec3469d83e142f9a104886655338c37,185.7,4,4,46.425,4.5,0.0,4,0
2562,d101c6da914ae3d53f7bee42283f2fe2,1297.4,13,16,99.8,3.6153846153846154,0.0,13,0
2132,bca9230d3bbb4efa51872bf605a2f1ad,117.57,5,5,23.514,4.0,0.0,5,0
1335,556a6409838156ea299c9d1f9e2dde43,1362.8,4,4,340.7,3.25,0.0,4,0
2187,dd58ee93286b0821565574c570e9e1dc,2948.0,2,2,1474.0,5.0,0.0,2,0
1305,916c9de0b5ad957346eeeb12f332687e,5480.25,23,28,238.27173913043478,4.545454545454546,0.043478260869565216,22,0
2679,4b90495391ac0bd181a80a459df1e718,248.0,1,1,248.0,4.0,0.0,1,0
3055,0873d9f8f36123f8d910f4760e788cfb,7265.59,6,6,1210.9316666666666,3.1666666666666665,0.0,6,0
1943,ed8cb7b190ceb6067227478e48cf8dde,573.5,15,17,38.233333333333334,3.0585714285714287,0.0,12,0
2940,6561d6bf844e464b4019442692b40e02,41.9,1,1,41.9,5.0,0.0,1,0
2699,9c351405b754cc5ce3e2ecf277bb034a,45.0,1,1,45.0,1.0,0.0,1,0
1568,7a241947449cc45dbfda4f9d0798d9d0,8027.63,62,72,129.47790322580644,3.8780357142857143,0.016129032258064516,59,0
2319,f9f68daa2af419d38f745478bcb3da1a,22.4,2,2,11.2,3.0,0.0,2,0
1297,3be634553519fb6536a03e1358e9fdc7,5370.95,83,99,64.71024096385543,4.03,0.0,82,0
1869,5b33b527da3c5b969cc99dc435cad09a,1872.79,16,17,117.049375,4.2,0.0,15,0
918,ef2fbc2b607d8492bcffe657a4645434,970.8,20,22,48.54,3.764705882352941,0.0,19,0
2527,2fb25ab44bdbeae6a4d816e0d0c9d500,683.08,5,5,136.616,4.8,0.0,5,0
1293,36890be00bbfc1cdb9a4a38a6af05a69,1361.3,13,13,104.71538461538462,4.25,0.0,12,0
2050,3364a91ec4d56c98e44174de954b94f6,3579.94,6,6,596.6566666666666,3.8333333333333335,0.0,6,0
2312,12c2ed9cded6138cf0c75f525f565fc7,314.96,4,4,78.74,4.25,0.0,4,0
848,28872dc528e978a639754bc8c2ce5a4c,1009.9,1,1,1009.9,5.0,0.0,1,0
1303,fec6912baad85d41729669edd6b4d3b8,210.0,1,1,210.0,1.0,0.0,1,0
2133,bbd3acfe6de99892e73940d3fdceaf68,69.0,2,2,34.5,3.0,0.0,2,0
430,5a93f3ab0ef4c84ed5e1b5dbf23978bc,2338.25,39,44,59.955128205128204,4.6891891891891895,0.0,39,0
3079,d6b664fa0667064c6d76394e7848d790,6080.0,6,6,1013.3333333333334,4.833333333333333,0.0,6,0
158,6481e96574816ead57975da2c0f6d80d,3324.9,32,43,103.903125,4.166666666666667,0.0,32,0
1703,5f2684dab12e59f83bef73ae57724e45,9000.87,68,74,132.36573529411766,3.8208928571428573,0.014705882352941176,62,0
2918,baa49d93c8c8841e27400a300f5d74b2,246.4,6,6,41.06666666666667,4.5,0.0,6,0
2943,1d0646a72178a6fb37ee8082140e06ec,61.0,2,2,30.5,5.0,0.0,2,0
459,6fd52c528dcb38be2eea044946b811f8,7743.02,67,84,115.56746268656717,3.3583333333333334,0.0,80,0
1783,e46bc031f2c5bae4ccb40bb90712e9b4,277.3,1,1,277.3,1.0,1.0,1,2
1588,79ee721b6f766066a80264402548d359,538.0,2,2,269.0,1.0,0.0,2,0
123,297d5eccd19fa9a83b2630071ff105e4,834.97,8,8,104.37125,5.0,0.0,8,0
2939,34f563c82a85b99ae9e6d60db5fc2e28,2332.3,8,8,291.5375,4.625,0.0,8,0
2051,9b013e03b2ab786505a1d3b5c0756754,9027.4,174,225,51.8816091954023,4.103852459016394,0.0,163,0
2305,9e7c5f4d7770eab65738cca38f9efccf,184.8,2,2,92.4,3.5,0.0,2,0
2135,3f84fefc07dc159b268d4a77d3e8c425,200.6,3,3,66.86666666666666,5.0,0.0,3,0
1418,2f09f7d37a97956d11cc1a7cadd5262b,2005.0,11,12,182.27272727272728,2.909090909090909,0.09090909090909091,11,0
1180,45d33f715e24d15a6ccf5c17b3a23e3c,4838.23,59,61,82.00389830508475,4.01313725490196,0.03389830508474576,57,0
881,8a2d12a90e92f012ce5226fc6592b653,1594.65,18,18,88.59166666666667,4.566666666666666,0.0,17,0
2123,2f74af7a0ee5636f12c2336f9fffed47,560.7,13,13,43.13076923076923,4.3076923076923075,0.0,13,0
385,55dedd83e501d8248880557d9073cbfd,1055.3,8,9,131.9125,4.875,0.0,8,0
492,be67f78487e2cecb0d55bc769709e4f5,102.0,1,1,102.0,5.0,0.0,1,0
3094,6c17baf138731a4aaacc3210adf2037b,538.8,4,5,134.7,5.0,0.0,5,0
2375,26f6b7ab07be3e9e69ce82a6552efc19,54.8,2,2,27.4,3.0,0.0,2,0
544,809413606dbfe5deefd2db646693ef67,196.68,3,5,65.56,4.333333333333333,0.0,4,0
1631,1cbd50a8c52e6cf8e315c5709fab386f,785.97,9,9,87.33,3.7777777777777777,0.0,9,0
2120,c826c40d7b19f62a09e2d7c5e7295ee2,45643.74,354,373,128.9371186440678,4.107831325301205,0.0,254,3
2163,b3809b8d4394588a47c8470ea331e135,89.0,1,1,89.0,4.0,0.0,1,0
1680,41da412d33e8da4f22baf55cb1bde82c,862.9,15,21,57.526666666666664,4.666666666666667,0.0,18,0
606,05ca864204d09595ae591b93ea9cf93d,179.9,1,1,179.9,5.0,0.0,1,0
2134,6b1c4d4d9ccf0be3d8544eb0e71e5318,1699.0,1,1,1699.0,5.0,0.0,1,0
1667,05a48cc8859962767935ab9087417fbb,42.9,1,1,42.9,5.0,0.0,1,0
308,e8f6dc8e6a1dcde89d20e3995c8d90b3,2256.34,36,48,62.67611111111111,3.935483870967742,0.0,41,0
2755,a63bfbaa882c8f4542891b4e2246cc7f,6772.0,7,7,967.4285714285714,4.428571428571429,0.0,7,0
880,1c5e4e49b9079480255b49d50aac1aa9,10173.11,12,12,847.7591666666667,4.333333333333333,0.0,12,0
1072,b88e7c57cb2d8b973b7dd4a2bfa14b36,353.9,4,4,88.475,4.25,0.0,4,0
1586,c353f8fc0ce8344999f17d578eb69a5e,175.98,2,2,87.99,5.0,0.0,2,0
2852,b1b3948701c5c72445495bd161b83a4c,24699.19,18,18,1372.1772222222223,1.8790909090909091,0.1111111111111111,13,0
2669,06a2c3af7b3aee5d69171b0e14f0ee87,36408.95,392,405,92.87997448979591,4.052631578947368,0.0,248,3
248,6e4a902d1054e4e17aa6eab87fac1c75,586.57,7,8,83.79571428571428,4.166666666666667,0.0,6,0
2725,52f976b17ea7f2f087f56dcc419328f6,7630.0,6,6,1271.6666666666667,3.6666666666666665,0.0,6,0
1918,542917da124346b47ea1ac79a93ce454,1303.9,20,20,65.195,4.240555555555556,0.0,20,0
208,82bd0703a4aefd6b599e5bfdaed378fb,2692.28,21,24,128.20380952380953,3.9210526315789473,0.047619047619047616,21,0
24,165b1235e9e9942cb5fae67103576fb0,2085.15,11,16,189.5590909090909,4.363636363636363,0.0,11,0
614,3d01d1c414c44b5943a09619ff3853cb,402.6,5,5,80.52,3.8,0.0,5,0
966,714b9a1332840f257b49f476bea4e341,1499.94,6,6,249.99,3.3333333333333335,0.0,6,0
1607,82e0a475a88cc9595229d8029273f045,10930.02,42,80,260.23857142857145,3.5405405405405403,0.023809523809523808,44,0
2712,d50d79cb34e38265a8649c383dcffd48,13012.42,70,70,185.89171428571427,4.301587301587301,0.0,68,0
94,f9244d45189d3a3605499abddeade7d5,15731.43,21,21,749.1157142857143,4.285714285714286,0.0,21,0
1055,f4ce8ca9fa7157e3b33f536ac9a4487d,409.6,4,4,102.4,4.75,0.0,4,0
1188,398cb257329ef7af7f1943a8974a3cbc,145.9,1,1,145.9,5.0,0.0,1,0
49,c878515173c84a492ebe50d6b493230b,1118.84,9,10,124.31555555555556,4.111111111111111,0.0,9,0
2148,fc906263ca5083d09dce42fe02247800,4497.7,114,119,39.453508771929826,4.423448275862069,0.0,108,0
2069,54065e9aef7e9e9c2dc23b7594db021a,8003.0,14,14,571.6428571428571,3.8076923076923075,0.07142857142857142,14,0
2110,48436dade18ac8b2bce089ec2a041202,12271.71,138,151,88.92543478260869,4.049333333333333,0.0,136,0
1955,c8b3445d737de6befde0c88ede534a5e,3149.04,30,36,104.968,4.375,0.0,28,0
1502,3481aa57cd91f9f9d3fa1fa12d9a3bf7,1773.03,25,25,70.9212,4.053181818181818,0.0,23,0
1752,fa8d335d68129e464e60c1826a683e96,139.9,1,1,139.9,4.0,0.0,1,0
846,69a43819c758c65a5befb0b471c954d7,299.85,2,3,149.925,4.0,0.0,3,0
2982,1fe5540d7c1c37a595fefbacd5570d9e,4537.6,20,25,226.88,4.295454545454546,0.0,14,0
2021,f97e2b0650c2068227e1d366140eb62f,3654.0,16,21,228.375,4.0,0.0,16,0
1969,17eea220a40cc0d2c0c5346379682398,1414.98,4,4,353.745,4.0,0.0,3,0
1642,48fb026ed7455a42f5d3e9390ed5088e,555.71,11,11,50.519090909090906,2.6363636363636362,0.0,11,0
1580,39c763cca83e654764b7a4a650fb9b7c,761.0,11,11,69.18181818181819,3.8181818181818183,0.0,11,0
477,091065b789659bc3cd9af9cb3a6253ff,1359.0,2,2,679.5,3.5,0.0,2,0
2907,da03c298e3999e9d828591fc2179d109,787.7,4,5,196.925,4.75,0.0,4,0
781,c3e1abd72a42fe690fcd89cf5720fe29,1798.61,13,13,138.35461538461539,4.461538461538462,0.0,13,0
1554,abe42c5d03695b4257b5c6cbf4e6784e,17159.0,50,50,343.18,3.9375,0.0,50,0
2431,42d4b7e70819438f5ada61c965e92d7e,49.6,1,3,49.6,1.0,0.0,2,0
1362,6624bc09786f0e41ae48dfc5eeb1a9e2,89.54,1,1,89.54,5.0,0.0,1,0
858,05f51e13da97139648b8125c31e5f51b,13769.01,60,63,229.4835,4.316326530612245,0.0,57,0
2606,2d20f1cd18725c91147da0791d498022,99.8,1,1,99.8,5.0,0.0,1,0
3010,15aac934c58d886785ac1b17953ea898,4353.9,25,26,174.156,4.231739130434782,0.0,25,0
1799,eddd1991bd6d9309995a480c39b95137,866.0,3,3,288.6666666666667,2.25,0.3333333333333333,3,0
406,f021c962aaba8ef6eb527a9c2c8394d1,4398.5,5,5,879.7,4.2,0.0,5,0
1509,6ebf4eceee4dd9847201c82e77ef8123,59.9,1,1,59.9,5.0,0.0,1,0
1683,9803a40e82e45418ab7fb84091af5231,4278.75,11,18,388.97727272727275,3.7272727272727275,0.0,15,0
2075,8160255418d5aaa7dbdc9f4c64ebda44,47017.69,385,431,122.12387012987013,4.095677083333333,0.0,364,3
2743,8b11118053756a9a2932f447e11fc1b5,79.99,1,1,79.99,3.0,0.0,1,0
2813,1554a68530182680ad5c8b042c3ab563,29052.53,247,269,117.62157894736842,4.286082474226804,0.0,245,3
2124,dcb7367a92f5ffb89f1e2152ed260285,79.9,1,1,79.9,5.0,0.0,1,0
1686,ef30892870c278497523264be1be2241,783.2,9,9,87.02222222222223,4.555555555555555,0.0,9,0
849,55a5b51f93f2b70ea513f5a047b0262a,4002.3,39,41,102.62307692307692,4.45945945945946,0.0,38,0
1573,0d4c8269e7f0401201794deef160edd6,792.64,3,4,264.2133333333333,3.6666666666666665,0.0,4,0
2228,a2fa0bdc798ee84cdb08281337cf4fb6,392.75,10,13,39.275,4.0,0.0,10,0
2365,a5dd1946fb63ada8bcaa0c9cd8f11e22,219.62,6,7,36.60333333333333,3.8333333333333335,0.0,6,0
2055,ede0c03645598cdfc63ca8237acbe73d,2518.37,46,50,54.747173913043476,3.836666666666667,0.021739130434782608,42,0
1905,9c690ceacd5c66731bf443ea810195cb,871.8,10,12,87.18,4.3,0.0,10,0
1698,fec8cd45395b3cb0c2b173d7739706a1,1280.0,4,4,320.0,3.75,0.0,4,0
919,2d22fc3089eb907b29ebff50581fb472,317.7,3,3,105.9,3.6666666666666665,0.0,3,0
1348,ef990a83bbea832f36ebe81376335aa8,4642.59,43,44,107.96720930232559,3.823529411764706,0.0,41,0
2956,458d868c9642f55f18f04e951a3fdde6,2718.0,2,2,1359.0,5.0,0.0,2,0
1894,e503f22be6a4f456d9851920a5d9c670,198.9,2,2,99.45,4.0,0.0,2,0
1096,f3055483058c84d75ca2a3314fb4deef,67.5,1,1,67.5,1.0,0.0,1,0
2841,54965bbe3e4f07ae045b90b0b8541f52,10961.3,78,86,140.52948717948718,3.569230769230769,0.0,77,0
932,1782ce2db72c3dda627d5e7c898104e1,2010.8,9,10,223.42222222222222,4.333333333333333,0.0,10,0
1273,fad44952713764836814be105382aee5,5129.0,32,32,160.28125,4.266666666666667,0.0,30,0
2572,333c4210e76a1aa2ab817b99437e3ff1,335.0,2,2,167.5,5.0,0.0,2,0
1673,7cb946b1ad19faebe28c3e86c2794ec3,25.0,1,1,25.0,5.0,0.0,1,0
961,3c010235b7345c92f125d14ee232a76b,3578.0,15,15,238.53333333333333,4.666666666666667,0.0,15,0
2298,b7cc6c5e001441ae8cdd5c69a480cbe4,651.8,6,6,108.63333333333334,4.166666666666667,0.16666666666666666,6,0
1433,8c5e007d7bd5693fa1386ffefbc99f6c,1029.11,9,24,114.34555555555555,4.238571428571428,0.0,11,0
2532,1fe61aa5494bd3ae92a2c13e067c810f,537.76,1,2,537.76,4.0,0.0,1,0
2215,30a2f535bb48308f991d0b9ad4a8c4bb,4731.3,71,87,66.63802816901408,4.4191935483870965,0.0,79,0
2403,5c030029b5916fed0986310385ec9009,4164.4,7,10,594.9142857142857,4.857142857142857,0.0,8,0
733,28fb0829fd777877cdc350d25cb5bd5b,499.6,4,4,124.9,3.75,0.0,4,0
1781,6650fcccd8cd2f7e55ffa524f30c4c59,529.7,3,3,176.56666666666666,2.6666666666666665,0.0,3,0
269,abc015ebac1d283a323ca9db35ede4b9,1106.8,12,13,92.23333333333333,4.7,0.0,12,0
261,213fafb0ca06fb3d5886579c2565791b,189.7,3,3,63.233333333333334,2.3333333333333335,0.0,3,0
2311,d58d521f3789def2e7a22715e0badd93,65.98,2,2,32.99,3.5,0.0,2,0
1728,578460d8319c51dab351cd9db95eadfe,235.0,1,1,235.0,3.0,0.0,1,0
1594,119d1aef1b4144adba89163f6cd9f5d4,1094.0,4,4,273.5,4.75,0.0,4,0
125,2a7c6c0b0d5efde2bf75ec1e1cec2d41,147.6,3,3,49.2,3.3333333333333335,0.0,3,0
1426,0ade5cc4a305ed7093a23f68ca47519c,158.88,2,2,79.44,5.0,0.0,2,0
700,acf974e4d5950ad143a247471b831eb9,423.8,5,12,84.76,4.75,0.0,5,0
1308,70f7e8018e3d46c748c92f026aa2585a,239.8,1,2,239.8,5.0,0.0,2,0
43,c963a25b8671419c6ce9eebe8fd03218,49.0,1,1,49.0,5.0,0.0,1,0
587,2ea0861cc19e94cad86438c984c52da4,165.6,6,6,27.6,3.3333333333333335,0.0,6,0
2592,84deb808079d1be601c209c1e771b1cc,34.93,2,2,17.465,5.0,0.0,2,0
1908,aded58c8142dedc5494a81f948431fab,289.5,4,5,72.375,3.75,0.0,5,0
1444,d4f117125b59ce73c3302f88ee40c458,783.29,17,17,46.07588235294118,4.833333333333333,0.0,17,0
1649,702835e4b785b67a084280efca355756,7.6,1,1,7.6,5.0,0.0,1,0
1090,8e2b3afb420011ef0c88c9d5f11ea526,1384.5,11,11,125.86363636363636,4.125,0.0,8,0
1687,6a3139c7bf09ece22a4713d956acbe5e,61.9,1,1,61.9,5.0,0.0,1,0
187,1c40343cc5d18c2d8248ac2f3366de34,2461.41,21,22,117.21,4.617647058823529,0.0,20,0
349,8a32e327fe2c1b3511609d81aaf9f042,6429.01,132,180,48.70462121212121,3.732843137254902,0.015151515151515152,132,0
2756,b7ed9fb14c8eadb37adb9c45d67ab0fb,566.0,7,11,80.85714285714286,3.2857142857142856,0.0,8,0
2953,b6dc74ed30f124f95227bed4e43a3bed,518.96,11,13,47.17818181818182,4.0,0.0,11,0
766,bcf5566870987da7bc811fbc8c5b9fd9,96.0,1,4,96.0,1.0,1.0,1,2
1533,c026ef0d72e9132d9fa112308090c8dc,520.0,1,1,520.0,4.0,0.0,1,0
1978,fd435faa3c0422b60440ea3480d0e77c,749.0,1,1,749.0,5.0,0.0,1,0
1789,2d50d6282f8aa2257819a77bfaa0efe0,3353.48,44,45,76.21545454545455,3.6666666666666665,0.0,43,0
2644,c97aa4ee7420f937da13b7f9e2228b99,29.9,1,1,29.9,1.0,0.0,1,0
2065,b2a6d334e2833acea353624840e25a0e,1650.98,25,26,66.0392,4.375,0.0,22,0
1416,63b9ae557efed31d1f7687917d248a8d,139.5,5,7,27.9,4.0,0.0,7,0
242,0bf0150d5b9d60d9cd2906003332f085,5774.6,39,62,148.06666666666666,3.7714285714285714,0.0,37,0
1024,1b938a7ec6ac5061a66a3766e0e75f90,3987.6,30,33,132.92,4.346153846153846,0.0,27,0
2991,47648caee88ccfe951fbb27fbf7b4cbe,1564.99,3,3,521.6633333333333,3.6666666666666665,0.0,3,0
677,9261d76c62caaf0b24677c2ceb7f8f20,968.7,6,7,161.45,3.8333333333333335,0.0,6,0
1576,6bcb2352a2a0c38b845f598298ab9d26,31.8,2,2,15.9,3.0,0.0,2,0
2633,1bb2bdb95f4841f1bba2c0d2cd83d3c9,5002.71,81,85,61.76185185185185,4.596521739130435,0.0,82,0
2226,eba88037e1dca898cd02881f67ced679,838.1,6,6,139.68333333333334,4.333333333333333,0.0,6,0
1954,99002261c568a84cce14d43fcffb43ea,4088.0,36,36,113.55555555555556,3.7205882352941178,0.0,36,0
2690,1b61fb1f0f2185d89e9a126c498e9cc7,49.7,1,1,49.7,5.0,0.0,1,0
2826,05aebce0b5c8f0d41b29b686f2d05fd3,74.99,2,2,37.495,5.0,0.0,2,0
1232,989becdce12ebc39863c2bceab6f3ca1,7840.88,18,18,435.6044444444444,4.555555555555555,0.0,18,0
1543,d4ffeb15b67e81ff9af2b4252d99fb7e,1400.4,11,12,127.30909090909091,4.333333333333333,0.0,11,0
1028,f114dca2828bf718548db175ebe2cfcd,139.0,1,1,139.0,1.0,0.0,1,0
29,7354220fb240bde543b3c40c060d41e7,672.0,7,7,96.0,4.571428571428571,0.0,7,0
4,6d988d6174a2c27441597174f8905515,371.73,19,23,19.564736842105262,4.277777777777778,0.0,18,0
2419,91f0eec23d4a61d7d7caeefa3f0ad1ca,2190.8,11,11,199.16363636363636,3.5454545454545454,0.0,11,0
96,5ab05b6d86d417796c69ffd6774ec832,1886.1,10,12,188.61,3.8,0.0,10,0
844,5d505d2298ad549e4e4e835562fa0c1e,249.8,2,2,124.9,5.0,0.0,2,0
2301,a2a41aedb70551d4a85aa04dc2fced48,52.79,2,2,26.395,4.0,0.0,2,0
980,cac876b37d3abcd6bd76caca30277996,2229.77,27,33,82.58407407407407,4.461538461538462,0.0,27,0
2068,3fac58ce0ad699020c7944d53c41329c,1244.95,10,16,124.495,4.388888888888889,0.0,13,0
1787,08633c14ef2db992c11f840f04fad4cd,7644.3,74,97,103.30135135135136,4.352,0.0,70,0
1890,f8d5c7085db9a4ad2b8c1ffbeb2798c8,263.0,6,6,43.833333333333336,5.0,0.0,6,0
1039,0c7f30ae9b147eca07affbef92832a6a,479.5,5,5,95.9,5.0,0.0,5,0
2028,0e44d110fa6a54e121cb2c095a77762f,223.32,6,6,37.22,4.333333333333333,0.0,6,0
631,5206cc4bc2297c833e6061c49bf9c43f,35.0,1,1,35.0,1.0,0.0,1,0
2831,c4fb51fb1c5b7c07bc5e67be6e7e8f6e,1567.9,15,16,104.52666666666667,3.533333333333333,0.0,15,0
6,b274baf5bbd142410eb2958cf685d684,585.9,7,7,83.7,4.285714285714286,0.0,7,0
107,3f8247d0f772ffa58560e5c682521ad5,139.9,1,1,139.9,3.0,0.0,1,0
1551,939e6227d6964a11a70aa91243e418f2,425.0,4,4,106.25,4.25,0.0,4,0
1163,d9442042130b7fe579d1295f9f4a248f,772.16,19,22,40.64,4.444444444444445,0.0,19,0
1148,c26a2be5b53b7db6b276280da212a779,7482.0,13,18,575.5384615384615,3.4166666666666665,0.0,13,0
2628,9646c3513289980f17226a2fc4720dbd,3039.3,71,78,42.807042253521125,4.3515625,0.028169014084507043,71,0
1641,9e9b539eb2806acee3f5c28085c1db9f,967.0,3,3,322.3333333333333,3.6666666666666665,0.0,3,0
2200,2d518637f53161b973e01f56ea4bb88e,1219.89,13,13,93.83769230769231,4.909090909090909,0.0,11,0
1628,e504a4e2efaa45cbff7e268a2c58c956,1188.8,11,12,108.07272727272728,3.5454545454545454,0.0,12,0
363,d7485b33791774c36108f8c69602d48d,399.82,10,10,39.982,3.7,0.0,10,0
1979,de722cd6dad950a92b7d4f82673f8833,55426.1,339,379,163.49882005899704,4.286234567901235,0.0,207,3
1432,7040e82f899a04d1b434b795a43b4617,9738.2,212,228,45.93490566037736,3.5731205673758866,0.014150943396226415,202,3
66,72146da5774cabf2632faedcae097a76,200.94,4,6,50.235,4.0,0.0,4,0
2351,b87a7ea0c30fad2dd6781b74a0064859,515.4,9,9,57.266666666666666,3.444444444444444,0.0,9,0
1650,d4d99b60c4c94cd35acd502cec65dc8d,72.9,1,1,72.9,3.0,0.0,1,0
340,6c99c983ce3b6ba0ab813e6790e81691,546.75,9,9,60.75,3.7777777777777777,0.0,9,0
512,87e24fc7052259b1f7f607d61c10d8be,7473.49,8,8,934.18625,3.357142857142857,0.125,8,0
661,4dab98ca6cd6d3df586203cefd28a042,154.9,1,1,154.9,5.0,0.0,1,0
3077,1fa2d3def6adfa70e58c276bb64fe5bb,6.9,1,1,6.9,1.0,0.0,1,0
1653,98e164d549402270247f3c96a1a158ef,162.7,2,2,81.35,1.0,0.0,2,0
523,3ded4e2d5f135cb103e5949d7263d2dd,49.9,1,1,49.9,5.0,0.0,1,0
356,0be8ff43f22e456b4e0371b2245e4d01,11805.5,161,180,73.32608695652173,3.97297520661157,0.018633540372670808,164,0
2911,11742f81550ac064cc9a40f67151d9ad,781.9,2,2,390.95,5.0,0.0,2,0
1919,9dda5bbacd45e18d6485fee649205d09,1912.6,19,22,100.66315789473684,4.117647058823529,0.0,22,0
458,f262cbc1c910c83959f849465454ddd3,10482.83,192,207,54.598072916666666,4.133140495867768,0.005208333333333333,184,3
1970,167fd940acebc789debd6eb418c46e38,1077.58,5,5,215.516,3.0,0.0,5,0
368,1b4c3a6f53068f0b6944d2d005c9fc89,14760.3,113,117,130.6221238938053,4.208854166666667,0.0,103,0
1572,b1204cfda1d4948679db3cfc0d3cb95c,2903.7,7,11,414.8142857142857,3.8333333333333335,0.0,7,0
1982,4342d4b2ba6b161468c63a7e7cfce593,2867.1,20,20,143.355,1.13,0.0,9,0
1850,6219ba2359cfb97f2e38fd4c321eb309,487.5,6,6,81.25,3.4,0.0,6,0
538,88af55b4a7ca402b27df16f7c7c9b5d2,130.0,1,1,130.0,1.0,0.0,1,0
3050,f543ba3c973276f519d89d59bd46cead,258.0,2,2,129.0,2.0,1.0,2,2
2470,9596c870880d900012f2e8e6e30d06d7,8606.25,22,24,391.1931818181818,4.136363636363637,0.0,22,0
595,9140ef75cc8211c4035935e80e567204,49.9,1,1,49.9,5.0,0.0,1,0
2023,bbf4a892cac7b82422baa711dffb8997,70.0,1,1,70.0,5.0,0.0,1,0
2167,ae45df84722b1d15c5f32b23a095746c,901.83,9,12,100.20333333333333,4.75,0.0,10,0
142,2ff6b7bff164ef05590a52734e1296da,1803.59,7,7,257.6557142857143,4.714285714285714,0.0,7,0
2998,1caf283236cd69af44cbc09a0a1e7d32,917.6,33,37,27.806060606060605,4.609375,0.0,37,0
2815,2b402d5dc42554061f8ea98d1916f148,299.89,1,1,299.89,5.0,0.0,1,0
924,1de62b6f2fd96227629786db492433db,208.8,2,2,104.4,5.0,0.0,2,0
872,d91fb3b7d041e83b64a00a3edfb37e4f,40889.74,535,536,76.42942056074766,4.120421455938697,0.0,505,3
2748,0afccdb8a34ee5c79f7c06faf2b4d56e,1225.5,25,25,49.02,4.0,0.0,25,0
3058,c3ee2331a724e6fc02c4b698b57a73f3,1347.0,2,3,673.5,3.0,0.0,2,0
1140,d1582f4043306e6b91afa6a8a884f898,990.0,9,9,110.0,4.0625,0.0,8,0
1054,fb3cfbc8a86f5d7fbb4d36b8df63f60d,1007.3,10,15,100.73,4.27,0.0,12,0
792,f0b47fbbc6dee9aafe415a6e33051b3f,3795.91,68,86,55.82220588235294,4.203389830508475,0.0,69,0
1965,17908cf9b444ee34047cadd5c0f4a516,1993.99,11,11,181.2718181818182,4.545454545454546,0.0,11,0
896,b17b679f4f5ce2e03ce6968c62648246,4084.75,55,57,74.26818181818182,3.723409090909091,0.03636363636363636,49,0
651,b12cfd255810394b60caef18ae163547,560.0,2,2,280.0,4.5,0.0,2,0
38,7e3f87d16fb353f408d467e74fbd8014,4754.99,92,94,51.684673913043476,4.115384615384615,0.0,86,0
359,af4a0e4cfe1d9c26b6712b1be25a72e5,8757.98,21,26,417.0466666666667,3.3331578947368423,0.0,24,0
1005,81336a0f57a33776419727a300249e90,1374.85,16,19,85.928125,3.8886666666666665,0.0,16,0
1449,baf15155e37ef5492731459bdc05be8a,47.0,1,1,47.0,5.0,0.0,1,0
2811,40db9e9aa57f7bb151bcda6b0f9bdbb7,23168.0,12,12,1930.6666666666667,2.3636363636363638,0.0,12,0
3009,974cf2cb8f4b7add98709c30df02fe10,2982.67,33,33,90.3839393939394,4.064516129032258,0.0,32,0
2488,62c50c1af4dfdc4149d25c5222043d39,2785.72,14,19,198.98,3.7142857142857144,0.0,14,0
217,bab0a8cd684e41ba6e2637dca0979d3b,269.9,1,1,269.9,5.0,0.0,1,0
1212,70c4eedec9cb4a85cda2f3f9673557b4,479.8,2,2,239.9,5.0,0.0,2,0
1332,33576ec5412fb5905d876f12f33bfde6,2718.0,31,32,87.6774193548387,3.86,0.0,23,0
985,2eeb6531ee027a48d401e72bebdd87d3,38.7,3,3,12.9,4.333333333333333,0.0,3,0
2877,5741dc2bf5044c34d0698681c5081bed,89.7,3,3,29.9,5.0,0.0,2,0
779,4e922959ae960d389249c378d1c939f5,46030.37,420,454,109.59611904761904,3.941780303030303,0.0,388,3
1601,4b1eaadf791bdbbad8c4a35b65236d52,1849.79,8,8,231.22375,1.9166666666666667,0.0,8,0
1737,93bef6edaa84956e8e575016449b6351,115.0,1,1,115.0,5.0,0.0,1,0
2092,0db783cfcd3b73998abc6e10e59a102f,9077.4,132,137,68.76818181818182,4.194727272727273,0.0,121,0
2658,4ebdc7e6cd6102a022dadc49156d4ea8,928.7,29,32,32.02413793103448,3.767857142857143,0.0,30,0
1721,160851d3ece7aa1a510f8d1a4bb8a8af,102.05,2,2,51.025,5.0,0.0,2,0
2173,89a51f50b8095ea78d5768f34c13a76f,677.16,10,11,67.716,4.722222222222222,0.0,10,0
1251,bd4431c1a8dfa744b59e1e2a8bc99b9e,809.5,7,7,115.64285714285714,4.5,0.0,7,0
2845,5bf397d04035b5f45cc41e82ec106803,1525.0,3,4,508.3333333333333,4.333333333333333,0.0,4,0
931,f9d010e39375d9c91dce3f40b73a2f84,1212.0,4,5,303.0,3.5,0.0,5,0
1706,cc5a78bbad32776dc4e3af205218368c,4269.18,33,38,129.36909090909091,4.482758620689655,0.0,36,0
2444,a369d693961cb93b61ca2cc518872a85,2597.0,11,18,236.0909090909091,3.909090909090909,0.0,12,0
1189,9b1050e85becf3ae99c1cf4934c9bc5d,85.14,2,2,42.57,2.5,0.5,2,2
718,aaed1309374718fdd995ee4c58c9dfcd,9376.95,105,112,89.30428571428571,4.088804347826087,0.0,104,0
2896,65c255b299faf2d12050937cc219c46c,88.2,2,2,44.1,4.5,0.0,2,0
623,dd533b429f380718b70ad9922c294bae,2819.77,41,45,68.7748780487805,3.8154054054054054,0.0,40,0
1712,2e90cb1677d35cfe24eef47d441b7c87,13894.71,127,137,109.40716535433071,4.098761061946902,0.0,121,0
2777,d673a59aac7a70d8b01e6902bf090a11,3908.94,79,84,49.48025316455696,3.9082608695652175,0.0,78,0
1654,1987cd4be10fe09ee50454f9c354d1c6,2877.7,14,16,205.55,4.25,0.0,13,0
1364,b3e2faf2c1004d674f16a3aa3197f0e1,61.47,3,3,20.49,5.0,0.0,3,0
2551,fde0cc9ea29c8ccfc0a2c22256a58c71,3922.0,35,35,112.05714285714286,4.46969696969697,0.0,34,0
1991,4eb61f060e7dcc1d5a80d806c35cc541,1313.0,8,8,164.125,3.875,0.0,8,0
1889,9dd59e43f0c9f0553244e8f9c2fb247e,356.3,10,10,35.63,4.8,0.0,10,0
229,c4af86330efa7a2620772227d2d670c9,5396.0,4,4,1349.0,4.333333333333333,0.0,4,0
1112,9c0e69c7bf2619675bbadf47b43f655a,33702.78,157,206,214.66738853503185,4.06875,0.006369426751592357,160,3
559,77714512e8d4dda9c234da8e3faf16e4,243.4,4,6,60.85,4.0,0.0,5,0
304,788f22bafdd7ab0e1e79f19db72f16a4,125.8,2,2,62.9,4.5,0.0,2,0
788,b9c0ffa92f3ff9a5a3d45ef7213c0842,490.0,3,3,163.33333333333334,5.0,0.0,3,0
2234,0f0c984a4a955310903b6b6008660bad,369.81,4,4,92.4525,3.75,0.0,4,0
2338,78a4d36f65a019172c6154468831a69f,1545.5,7,7,220.78571428571428,4.166666666666667,0.0,6,0
1971,ccbd753e6863fe7314dc6c0ca5a074e7,495.0,1,1,495.0,4.0,0.0,1,0
52,fa3a0b5aabb344b9a92e3524b0202123,1789.0,7,7,255.57142857142858,4.142857142857143,0.0,7,0
2190,e250d617a0ad591ba9bd663e584a895d,904.12,8,20,113.015,3.5,0.0,10,0
2772,f7df46c1e0ec44eed5c6726478da4a17,429.7,3,3,143.23333333333332,1.0,0.3333333333333333,3,2
633,9485a23c0430ba1d58d359391606fce6,1129.9,5,5,225.98,3.2,0.0,5,0
2344,6eeed17989b0ae47c9f11ece6f38ea90,557.0,3,3,185.66666666666666,3.6666666666666665,0.0,3,0
450,52f6f9f13ba19504c02781132a049e75,199.0,1,1,199.0,2.0,0.0,1,0
900,41958cbd3335433c8740300e8cd600d5,32.99,1,1,32.99,5.0,0.0,1,0
405,70125af26c2d6d4ef401a1d02ae7701f,371.2,5,8,74.24,4.6,0.0,5,0
996,299c89a525fee36c567f4fe72f038100,658.0,2,2,329.0,2.0,0.0,2,0
762,2a261b5b644fa05f4f2700eb93544f2c,5355.0,51,82,105.0,3.8847619047619046,0.0,55,0
2246,271b8923c6a549e02d3c9fd1f8c0422b,105.19,1,1,105.19,4.0,0.0,1,0
1197,8b655f0855926bcb49f5835d38dfddf6,1089.5,5,5,217.9,4.8,0.0,5,0
1063,e882b2a25a10b9c057cc49695f222c19,51057.54,57,58,895.7463157894737,4.566666666666666,0.0,54,0
69,0e982cff76cc0579f632cea8a0e38c9d,1307.34,7,12,186.76285714285714,4.0,0.0,8,0
1059,d5ba419e26d246a0719437cf37d9b46d,4061.4,34,35,119.45294117647059,3.933333333333333,0.0,33,0
878,134285d1f41da5c13a756ee8142c8a4e,1572.7,3,4,524.2333333333333,3.165,0.0,3,0
679,20fd2d2080ed85fa67fad3fcbb2c1813,85.9,1,1,85.9,1.0,0.0,1,0
2369,c9d2ba8dde44a275ae06475ed1d2fafc,28.79,1,1,28.79,5.0,0.0,1,0
2617,cd06602b43d8800bd0afad514919d35c,2588.07,44,53,58.81977272727273,3.658536585365854,0.022727272727272728,43,0
983,3986c0b54f6b748b75e7bd4e092aa3e5,24.99,1,1,24.99,5.0,0.0,1,0
375,777a0c55737f34ffeb78010f7542ab41,452.5,6,6,75.41666666666667,4.3,0.0,6,0
1912,6fc26fe110feebd80a433e1f012a84f9,4150.87,35,72,118.59628571428571,3.9318181818181817,0.0,35,0
2546,b76dba6c951ab00dc4edf0a1aa88037e,2574.78,159,169,16.193584905660376,4.2109375,0.0,152,0
2264,f125f3a310c2e5f822d116147de1e474,2761.4,16,22,172.5875,4.1875,0.0,16,0
976,b67d6c666e8dce1d078c882825e12704,352.84,7,8,50.40571428571429,4.916666666666667,0.0,8,0
729,debe6615cd90cc0c2eac2b8988e1f628,278.5,5,5,55.7,4.6,0.0,5,0
1242,3289d8c3eef4873f91ce0b1343c0dd58,199.99,1,1,199.99,5.0,0.0,1,0
408,270572bb714b00531be85e16e1550f26,96.99,1,1,96.99,5.0,0.0,1,0
680,bf0d50a6410d487dc97d2baac0a8c0be,27.9,1,1,27.9,2.0,1.0,1,2
2823,8444e55c1f13cd5c179851e5ca5ebd00,22873.21,99,109,231.04252525252525,3.2517241379310344,0.04040404040404041,98,0
782,d8b8f2cf9ff6ba0389072541cb42498c,149.0,1,1,149.0,5.0,0.0,1,0
1160,e63e8bfa530fb16910dd6956e592bb81,1311.7,42,43,31.23095238095238,4.243589743589744,0.0,43,0
1514,3aa3c89ae3cd482385568be76120f63c,29.9,1,1,29.9,4.0,0.0,1,0
1338,13f57c12a00ed4610db646b913a7f5c6,645.2,7,13,92.17142857142858,4.857142857142857,0.0,8,0
2611,373ee4a3a775a733770ca3f790b8b9ac,2141.49,13,22,164.73,3.923076923076923,0.0,14,0
1359,f45122a9ab94eb4f3f8953578bc0c560,22078.29,187,200,118.06572192513369,3.9924161073825504,0.0,178,3
982,876182d1918783bbe15233febfbd4926,120.27,3,3,40.09,4.0,0.0,3,0
1079,1835b56ce799e6a4dc4eddc053f04066,33344.21,423,558,78.82791962174942,3.70034188034188,0.0,474,3
1445,7ea5bfa6c340f58f8e71fc1f0412b0d6,11002.89,98,104,112.27438775510204,4.139594594594595,0.0,77,0
11,73a63f72308aa20a46f4b1632018f196,9606.8,29,41,331.2689655172414,4.148148148148148,0.034482758620689655,28,0
1152,ed46f1eb4a638113deb2a1137b5f22e9,3470.0,4,4,867.5,3.6666666666666665,0.0,4,0
1330,7b3f6ce5c6c22e9b96e7581ebf0df6e1,29.8,1,1,29.8,3.0,0.0,1,0
1384,7a91bf945c6fae0779f1c61ce97fe45c,799.5,5,5,159.9,3.75,0.0,4,0
821,08d2d642cf72b622b14dde1d2f5eb2f5,914.0,17,21,53.76470588235294,4.285714285714286,0.0,17,0
1826,9c4d31c7e46ab03a43fc06e3142afd4e,1218.9,2,2,609.45,4.5,0.0,2,0
2709,e174dc2de86d60fee178170a154c05e7,19.8,1,1,19.8,1.0,0.0,1,0
1141,189ca3538ce9f920cacf0f982cbe223b,419.0,4,5,104.75,4.25,0.0,4,0
659,e256a62e0ac58c0edfba09966142d561,1474.11,12,14,122.8425,4.416666666666667,0.0,12,0
1329,f0837c8d71434931d9e38e7b79234797,3446.9,22,23,156.67727272727274,4.552631578947368,0.0,20,0
2806,e09887ca8c7bf8a4621ce481820414ef,119.96,3,4,39.986666666666665,2.3333333333333335,0.0,4,0
2233,d8bf0fc082fd4a77fc2e5679b6c00133,139.9,1,1,139.9,5.0,0.0,1,0
2238,c74f14c1e26cf1bd5bd34b6a1e274426,39.0,1,1,39.0,5.0,0.0,1,0
279,4200ddf1967c5e41e48db62bc6d4b5ac,734.8,22,42,33.4,4.2631578947368425,0.0,36,0
1480,d85efbc8eff2b7adf524e2820569adc8,55.0,1,1,55.0,5.0,0.0,1,0
1481,bcc9dd23e2a8bd8267cf92b19304a1b9,202.79,3,3,67.59666666666666,2.3333333333333335,0.0,3,0
9,eb4df17aed01d918c65f0f8d650900c0,3739.87,11,11,339.98818181818183,3.909090909090909,0.0,11,0
903,7b07b3c7487f0ea825fc6df75abd658b,9731.85,93,98,104.64354838709677,4.403614457831325,0.010752688172043012,96,0
1490,31be790e64fc99f8ff48ec2bd18a3104,241.4,6,6,40.233333333333334,4.333333333333333,0.0,6,0
2578,2b1a40c1daabc6ca280c4b815c101841,12732.6,23,35,553.591304347826,3.659090909090909,0.043478260869565216,23,0
565,1992f8fb6b19fcccd97ca819811e7267,28.8,1,1,28.8,1.0,1.0,1,2
736,aa8af66c623d7d544dfe4bb85b5ebe3b,99.0,1,1,99.0,5.0,0.0,1,0
1947,3ea00e1dea2b0659dbaf654735929220,505.0,7,7,72.14285714285714,4.857142857142857,0.0,7,0
566,acce39e832338debb07b02385cde5967,4748.1,44,44,107.91136363636363,4.5025,0.0,43,0
457,e2a1ac9bf33e5549a2a4f834e70df2f8,14999.45,5,5,2999.89,4.8,0.0,5,0
592,d650b663c3b5f6fb392b6326366efa9a,19242.9,60,60,320.715,4.294117647058823,0.0,55,0
1041,9dc79dd988ac42f4d56c340d7048420a,749.6,4,4,187.4,4.75,0.0,4,0
553,cca3071e3e9bb7d12640c9fbe2301306,64009.89,712,830,89.9015308988764,3.8843154761904763,0.0014044943820224719,743,3
1640,fc99f99385ae90f66f01733856fb88c9,89.9,1,1,89.9,1.0,1.0,1,2
302,013900e863eace745d3ec7614cab5b1a,1619.7,23,26,70.42173913043479,4.681818181818182,0.0,26,0
1520,6576fd3e23c88f0e5d4d23f39bba0542,14.5,1,1,14.5,1.0,0.0,1,0
1968,8f78f0903005064036736c7173a5c2ed,2113.7,13,21,162.59230769230768,3.769230769230769,0.0,15,0
927,269cff2d3c8d205c11f37a52402ea93b,1281.59,4,5,320.3975,4.5,0.0,4,0
2989,eb9cd5b35d95206585e2185318cb5c61,550.0,2,3,275.0,3.0,0.0,2,0
774,8cb7c5ddf41f4d506eba76e9a4702a25,138.0,2,2,69.0,3.0,0.0,2,0
1385,5ca5d579b5857ee8709479b1047cecc3,339.89,2,2,169.945,1.0,0.0,2,0
2519,a080fc8a850289b27500f6b49cca2553,383.0,4,4,95.75,4.75,0.0,4,0
398,1b7e5006cb25dd23ce8686691013b121,2636.74,11,11,239.70363636363638,4.363636363636363,0.0,11,0
2510,404e1ba01358af4cd63f679b2c4d1fa1,373.9,8,12,46.7375,5.0,0.0,8,0
1726,ca77545ca4d2dfd1431bf61334e2fa3c,760.0,6,10,126.66666666666667,4.666666666666667,0.0,6,0
1732,a53f60f05f822b5c621a50ff6a5cb362,415.4,4,6,103.85,3.5,0.0,4,0
165,cf654707ed6a99f112c7ec3d6f314b8b,756.0,3,4,252.0,4.666666666666667,0.0,4,0
2641,6b536a23086fba0d58c08d68814397f6,2068.8,19,23,108.88421052631578,3.888888888888889,0.0,18,0
1233,eae9af4811c294c56795d70e715b7337,15.9,1,1,15.9,5.0,0.0,1,0
2266,ec8463980a4e0ea9f8517aea1ed0c419,239.2,2,8,119.6,5.0,0.0,1,0
2645,5f67c6082caacb26e431a7b17940cece,1662.6,13,14,127.8923076923077,3.5,0.0,9,0
56,22c32ec35d0116ef02c281798a25bf8b,119.58,4,6,29.895,3.75,0.0,4,0
2162,a7f13822ceb966b076af67121f87b063,12477.64,75,86,166.36853333333335,3.2088888888888887,0.0,72,0
2231,8fbe2ee446b97e128471be4ce983dc0d,148.5,3,3,49.5,3.0,0.0,3,0
3059,c7246702dc991a06d788120dc7544391,54.86,1,1,54.86,5.0,0.0,1,0
820,a5bff0f43eb51f0cad7c37fac7244c8a,445.0,4,5,111.25,4.75,0.0,4,0
1267,a45314082d50d578a4721c9787ce09ab,424.9,2,2,212.45,5.0,0.0,2,0
2928,929f342384a6607afe143d789ade1316,209.4,4,4,52.35,5.0,0.0,4,0
992,80e6699fe29150b372a0c8a1ebf7dcc8,11441.56,98,100,116.75061224489797,4.272222222222222,0.0,99,0
894,c458e2045a8aa8964f8879af03fdcce6,494.91,4,9,123.7275,2.75,0.0,4,0
2427,8a207b6080964f3c1fc9d35bd6096ba4,553.7,2,3,276.85,5.0,0.0,2,0
1357,579891617139df7d8671d373f0669622,280.3,8,8,35.0375,4.5,0.0,8,0
2797,a89e143d5211473ae18db9577ee34b64,140.0,2,2,70.0,1.0,0.0,2,0
245,80cfd480be3eb6d6267139f5cb793555,99.9,1,1,99.9,4.0,0.0,1,0
2615,e0487761face83d64fcada2408959a36,49.25,2,2,24.625,4.5,0.0,2,0
2901,0743a0239d764b9a0f959a57d07e36ab,336.96,4,4,84.24,4.75,0.0,4,0
1326,a6fe7de3d16f6149ffe280349a8535a0,2904.8,51,52,56.956862745098036,3.9704444444444444,0.0,51,0
1020,038b75b729c8a9a04b0d07cba7eabe86,467.0,2,2,233.5,3.5,0.0,2,0
3016,aced59e9b31ef866a94f9e7f29d8d418,7268.5,61,67,119.15573770491804,4.473684210526316,0.0,65,0
1060,400f221ab83037c0ea78f1267da9624d,865.0,1,1,865.0,,0.0,1,0
1807,5b35136197710e16ac5e7b7c2bd4ea85,3104.2,7,9,443.45714285714286,2.5714285714285716,0.0,7,0
1127,6614814a00d344b846ae209f95ee7e3f,13.0,1,1,13.0,,0.0,1,0
2670,57e632711dec9ec14ca7546769483e7e,6350.06,62,65,102.42032258064516,4.448275862068965,0.0,59,0
2348,31e60bf8d103ce47932a85f5562deb16,181.0,1,1,181.0,5.0,0.0,1,0
2222,191d55f7edb8524d525ed01b20fe32e8,747.0,3,3,249.0,2.3333333333333335,0.0,3,0
1017,47f55702f598c7c6cc8458b0fbc1c49a,127.5,2,2,63.75,5.0,0.0,2,0
484,52f9db5cfb423382a2fa5c9e39303202,1269.77,22,23,57.716818181818184,4.05,0.0,23,0
2216,6548c2550b6e2d8f18053216e1c7b6f3,217.7,3,5,72.56666666666666,5.0,0.0,3,0
144,594f9aaa48e5bf431f011ddc5669b0d5,3248.8,37,38,87.80540540540541,4.645161290322581,0.0,37,0
558,b32be1695eb7ec5f10f72d9610a12527,26874.0,45,46,597.2,4.074473684210527,0.0,45,0
1720,6bb62a4912377c7bfe7cb17b406bc7e6,739.52,4,6,184.88,4.25,0.0,5,0
1885,651530bf5c607240ccdd89a30c9c9712,199.9,1,1,199.9,4.0,0.0,1,0
1754,e8ff5a6ceb895583033fc2a0f314e3c2,139.89,1,1,139.89,5.0,0.0,1,0
1538,f76a3b1349b6df1ee875d1f3fa4340f0,4160.79,24,24,173.36625,3.525,0.0,20,0
168,4e06067cc08b3f41d837768d392c3ee3,941.72,31,46,30.378064516129033,4.12962962962963,0.0,46,0
1224,ff4ea69c2a729e83e63c7579e4ef8170,7017.0,9,9,779.6666666666666,4.5,0.1111111111111111,9,0
598,a69aa24cec11168e7e39a3fbc727e925,105.97,3,3,35.32333333333333,5.0,0.0,3,0
471,ebe3dabc4955c9b0d695e7bda38bf5c3,55.0,1,1,55.0,3.0,0.0,1,0
2505,d9c349beabc06aa6ff1c6d68b5e9e22e,168.1,1,1,168.1,5.0,0.0,1,0
2169,6973a06f484aacf400ece213dbf3d946,11011.05,95,115,115.90578947368421,3.6323809523809523,0.031578947368421054,66,0
1930,e82de6494d91d3c4c54450f59b227a94,118.9,3,3,39.63333333333333,5.0,0.0,3,0
2221,670a9dda115b5a88b18cfadee8de2332,918.9,11,11,83.53636363636363,4.454545454545454,0.0,11,0
1051,7b1222c3624aa89b9558b50a2594188c,10103.52,22,22,459.2509090909091,4.454545454545454,0.0,22,0
1424,b2ac621f0d0322434d04a12b078b9369,9575.5,30,30,319.18333333333334,4.357142857142857,0.0,30,0
287,7d7866a99a8656a42c7ff6352a433410,147.89,5,5,29.578,4.4,0.0,5,0
2511,3dfd3dc96f7f8598eca74e9ac8a2fa31,183.0,6,6,30.5,4.0,0.0,6,0
2417,4305fe92735c8a43d154ff6dd2b8d927,2885.9,19,21,151.88947368421051,3.944444444444444,0.0,20,0
2868,c70c1b0d8ca86052f45a432a38b73958,36537.37,261,338,139.9899233716475,4.284666666666666,0.0,288,3
167,968ee78631915a63fef426d6733d7422,450.0,2,2,225.0,3.0,0.0,2,0
3066,17adeba047385fb0c67d8e90b4296d21,809.7,1,3,809.7,1.0,0.0,1,0
2625,25cf099de44674fde97473224f9d59ab,1654.36,50,50,33.0872,4.326530612244898,0.0,50,0
2499,6b90f847357d8981edd79a1eb1bf0acb,3322.08,45,47,73.824,4.312647058823529,0.0,40,0
2497,4c18691b6037662be2df78a765d98ab5,3195.52,63,67,50.72253968253968,3.8726415094339623,0.0,62,0
290,aae5953b9edddf14749c0d65d60eb4b9,173.0,2,2,86.5,5.0,0.0,2,0
3084,c1ed9e3daf6154542826a6996af0fb8c,971.25,9,17,107.91666666666667,3.888888888888889,0.1111111111111111,9,0
1352,5b07547f10dd980738a1a27f685af669,1134.6,13,14,87.27692307692308,4.1257142857142854,0.0,8,0
2886,0a198e95d32b1be2da9424c962a6ebfa,69.99,1,1,69.99,5.0,0.0,1,0
1716,c42fd8e4d47dfb18ce5222f2dd7752f9,466.99,7,11,66.71285714285715,3.5,0.0,11,0
1859,5b51032eddd242adc84c38acab88f23d,3280.0,12,14,273.3333333333333,4.0,0.0,13,0
2729,94e93ce877be27a515118dbfd2c2be41,5674.57,30,35,189.15233333333333,3.935769230769231,0.0,30,0
2058,f8201cab383e484733266d1906e2fdfa,889.0,10,10,88.9,4.1,0.0,10,0
2694,00720abe85ba0859807595bbf045a33b,1007.5,13,26,77.5,3.6153846153846154,0.0,15,0
1441,06bb3a2fe5e7b7a845b13e8fb91bd944,1536.19,17,18,90.36411764705882,4.588235294117647,0.0,18,0
2718,7722b1df1b0e383e000397b2c11e3e19,7094.09,134,145,52.94097014925373,4.207155172413793,0.0,133,0
367,4a5b36211b1f51bf7eaa5c10a57fa483,139.19,1,1,139.19,5.0,0.0,1,0
1035,258447aad3f7b01e2643c89f64dc5647,51.9,1,1,51.9,5.0,0.0,1,0
2217,51a04a8a6bdcb23deccc82b0b80742cf,167.99,1,1,167.99,1.0,0.0,1,0
2458,8e670472e453ba34a379331513d6aab1,975.0,1,1,975.0,1.0,0.0,1,0
41,8fbd63429be6d3e5e6d1a709b6464802,1061.4,6,8,176.9,4.833333333333333,0.0,6,0
2091,50c9975695009e5e6473912e83a6d1da,3964.4,50,68,79.288,4.0184444444444445,0.0,52,0
1389,b499c00f28f4b7069ff6550af8c1348a,10327.13,152,187,67.94164473684211,4.097377049180328,0.0,157,0
572,a150c540f572d0fb53992264bc5c10b5,119.9,1,1,119.9,4.0,0.0,1,0
32,e00d85ce20ea50c1224c66ca5050527d,149.0,1,1,149.0,4.0,0.0,1,0
1735,7d294cf9a6a69dc6a0c3e540fff0e039,257.25,5,5,51.45,4.4,0.0,5,0
247,dda37071807e404c5bb2a1590c66326f,199.99,1,1,199.99,5.0,0.0,1,0
3027,80f2cf9abf6b5a0e5c612b5eea6646e6,766.08,7,7,109.44,4.428571428571429,0.14285714285714285,7,0
2326,61b893c57e33626afb104d4112b1be76,74.99,1,1,74.99,1.0,1.0,1,2
423,05730013efda596306417c3b09302475,952.0,4,4,238.0,5.0,0.0,4,0
1240,0692610d8abe24f287e9fae90ea0bbee,173.99,4,4,43.4975,4.0,0.0,4,0
1881,89ad3263c0931c47f976d7c5778e60f6,568.2,6,6,94.7,4.5,0.0,6,0
2649,ac9b01377919cdbd2a1bbb8d5837c70b,55.9,1,1,55.9,3.0,0.0,1,0
1621,5bba18b40e8c973b0f32e748004775b0,739.98,1,1,739.98,5.0,0.0,1,0
1182,8a43128d7f9a3db592b866e6861a6cce,990.6,3,4,330.2,2.3333333333333335,0.0,3,0
411,630008e0f062605a415d694489f6f82e,105.15,2,3,52.575,3.5,0.5,2,2
1946,c398bc00a606d33758afd91f4e64fd15,150.0,2,2,75.0,4.5,0.0,2,0
869,c0e0b73d039eb9a99b6ce4cb7a429cd3,29.88,1,1,29.88,5.0,0.0,1,0
2905,d71d863e5ef30d94e440c11be17dcd8f,11900.9,29,36,410.3758620689655,3.1226315789473684,0.0,22,0
2339,34a557286ead8fe75c989e0afcf7d98c,414.9,4,4,103.725,4.75,0.0,4,0
3087,acadd4d36859671cb635527c6c977533,2381.0,12,12,198.41666666666666,4.25,0.0,12,0
2186,b1a81260566c1bac3114a6d124413f27,8684.69,51,54,170.28803921568627,4.19175,0.0,52,0
864,05a940b4ecae36cadfd8e93bd9c43257,952.0,10,10,95.2,3.9,0.0,10,0
672,4bf658053d453036c70976bccb2c31b2,1742.99,2,2,871.495,4.5,0.0,2,0
2083,85e7c62c1d6ea078c3897424f867a7c8,60.0,2,2,30.0,4.5,0.0,2,0
1454,d52cbce9845184537284a23c3bc3da0e,75.0,2,4,37.5,5.0,0.0,3,0
1584,cb8bcce248bb1fb274ba762d8b971456,9402.2,68,69,138.26764705882354,4.2890625,0.0,65,0
316,440dd6ab244315c632130ecfb63827b1,13696.9,94,95,145.71170212765958,3.8693181818181817,0.010638297872340425,93,0
2805,d93919c944be9cff128f6c9cb899eacb,2666.7,33,33,80.80909090909091,4.15,0.0,31,0
3065,72bc2cce903c872fe376a8faaa81d237,2149.2,17,18,126.4235294117647,4.625,0.0,18,0
2639,1d29dfba02015238dfbe2449a5eaa361,612.8,12,12,51.06666666666667,4.5,0.0,12,0
1282,3bdff180c7e1f6551a643b99c265a120,3114.9,59,61,52.79491525423729,4.114313725490196,0.0,57,0
256,7ddcbb64b5bc1ef36ca8c151f6ec77df,55578.57,334,343,166.40290419161676,3.9221084337349397,0.005988023952095809,262,3
332,9fc70243fb26800cba56e8f014797004,466.6,6,7,77.76666666666667,4.5,0.0,6,0
628,8759e7aedd644f487315e5860962f162,627.0,3,3,209.0,3.6666666666666665,0.0,3,0
3091,f3b80352b986ab4d1057a4b724be19d0,10505.1,87,92,120.74827586206897,4.225921052631579,0.0,76,0
1812,d66c305afaec317ebee552073a674429,4886.46,41,47,119.1819512195122,4.380857142857143,0.024390243902439025,40,0
1860,685b870da5b52a710782c9c0fefbeb5b,627.0,2,2,313.5,2.0,0.0,2,0
885,57df9869a600bd6b7c405f2a862eccfb,125.0,5,5,25.0,4.4,0.0,5,0
422,cd843d4cf8ef32827de0396605163ba3,1915.0,5,5,383.0,3.8,0.0,5,0
2095,33ac3e28642ab8bda860a2f693000e78,3661.03,34,35,107.67735294117647,4.205882352941177,0.0,35,0
185,c43d924a0f1688ee9fae0efcd6f539d4,29.9,1,1,29.9,4.0,0.0,1,0
215,3fadb4cba4c35bce6a7eaf9872d5623a,209.5,3,5,69.83333333333333,3.3333333333333335,0.0,3,0
1275,d7f1cfc638473be93baedbfd02208016,30.0,1,1,30.0,5.0,0.0,1,0
1107,bdf0d02d36a1d839d0c39c4a887cdd49,120.0,5,7,24.0,5.0,0.0,5,0
2554,ed9eef5be0992d413d251fadba1a410d,404.1,3,9,134.7,4.5,0.0,8,0
1465,6601ee6383e7f452be71929f8de48bbb,153.6,2,2,76.8,4.0,0.0,2,0
1157,f664f98bfda2eaf266a23ff144e7a872,153.99,2,2,76.995,3.0,0.0,2,0
625,717b78b0950b51ed00b1471d858b0edc,138.6,5,5,27.72,4.0,0.0,5,0
1155,2c4c47cb51acd5ea5db5e0ae0e26542a,2575.9,12,15,214.65833333333333,4.666666666666667,0.0,12,0
1526,4fe2f67634d00c021aa01f96b6f2d68e,86.8,2,2,43.4,5.0,0.0,2,0
617,3d8fa2f5b647373c8620330c4e077a9f,3571.73,43,48,83.06348837209302,4.114285714285714,0.0,43,0
2759,977f9f63dd360c2a32ece2f93ad6d306,2858.87,24,25,119.11958333333334,3.75,0.0,24,0
2253,ff1fb4c404b2efe68b03350a8dc24122,6771.0,46,49,147.19565217391303,4.019302325581395,0.0,45,0
3014,27a56ff04b34c2ba34ce6ba4d3b9d616,349.29,8,8,43.66125,4.125,0.0,8,0
1541,bb3dca718920a4d7ec3cc9ffb025108b,108.0,2,3,54.0,3.0,0.0,2,0
1531,c8660dcf9ba70575f45d80fe28c27713,335.0,4,7,83.75,4.5,0.0,4,0
2022,60da8bfa7eebe230b7d66ac4082d79b3,86.6,3,3,28.866666666666667,4.333333333333333,0.0,3,0
314,4b0fdb526525f9890eb145bf1534640e,2419.0,18,20,134.38888888888889,4.133333333333333,0.0,18,0
819,5b8154610ebb21fb90eb587365e673df,9397.54,38,41,247.3036842105263,4.216216216216216,0.02631578947368421,38,0
2607,4371b634e0efc0e22b09b52907d9d469,8194.0,102,112,80.33333333333333,4.44109756097561,0.00980392156862745,101,0
1671,e0a366315b1b726b6c7832d664c0f530,7400.09,43,51,172.09511627906977,4.2875,0.0,43,0
2522,cd2169d9f31ff6fbb9ca3373b0c9e354,569.0,1,1,569.0,4.0,0.0,1,0
817,6d803cb79cc31c41c4c789a75933b3c7,8711.4,58,66,150.19655172413792,4.263636363636364,0.0,57,0
426,83deb69e889cf80f82be1dc6d5f2d486,5363.01,40,42,134.07525,4.3108108108108105,0.0,39,0
1274,bbf9ad41dca6603e614efcdad7aab8c4,7846.0,14,14,560.4285714285714,4.5,0.0,14,0
2808,530ec6109d11eaaf87999465c6afee01,12983.81,97,104,133.8537113402062,4.178571428571429,0.0,98,0
1891,0aa2205ca24f113f4658a5c536667426,815.62,4,11,203.905,4.0,0.0,4,0
1840,54aa8463e87776b5612f4bdc4bd5d4de,649.3,7,7,92.75714285714285,3.857142857142857,0.0,7,0
1805,402916f742e5c740cc751493d9cf5053,1252.0,9,10,139.11111111111111,4.6875,0.0,9,0
877,e819bcfade7b5d88a27325eb6cfd62c5,202.9,5,11,40.58,4.0,0.0,5,0
299,913fd0ebba70bb919f7254a02239173c,159.9,1,1,159.9,1.0,0.0,1,0
169,8b321bb669392f5163d04c59e235e066,17535.69,943,1018,18.595641569459172,4.12652,0.0,866,1
2822,cb41bfbcbda0aea354a834ab222f9a59,4002.0,12,12,333.5,3.25,0.0,11,0
2561,2f3d8b4c9e2ee165075331fea3f3095a,130.0,1,1,130.0,5.0,0.0,1,0
1113,e06f09ec0a4aca210779cf1cfc63cf19,5279.49,29,31,182.05137931034483,3.9423076923076925,0.0,29,0
605,75a4764c108403a7a0575140cb22287c,716.9,5,9,143.38,4.6,0.0,5,0
1317,ec8879960bd2221d5c32f8e12f7da711,4062.4,36,36,112.84444444444445,4.393939393939394,0.0,36,0
1702,ffff564a4f9085cd26170f4732393726,1426.3,20,20,71.315,2.2941176470588234,0.2,20,0
660,4f0d637c1197fd65405ebd755ac9f86b,199.8,2,2,99.9,5.0,0.0,2,0
971,2953ce3a88f5e3c3b696d77fc9e4c8eb,470.0,14,15,33.57142857142857,4.583333333333333,0.0,12,0
1825,1cbdc7cf130a41fd13a3c2a7d2fcfda7,165.8,2,2,82.9,5.0,0.0,2,0
2342,a6bd7d1ccdac48c6b33b28596b7eb122,14368.61,16,16,898.038125,3.3333333333333335,0.0,16,0
2871,19e0f40a907ec568c34bfac15de4f4a1,178.0,4,4,44.5,5.0,0.0,4,0
1759,c7bb64409aa480bb7d0335faaaf3d242,97.6,4,4,24.4,2.25,0.0,4,0
910,94144541854e298c2d976cb893b81343,17286.28,68,76,254.21,4.233725490196078,0.0,57,0
236,04ee0ec01589969663ba5967c0e0bdc0,289.49,1,1,289.49,5.0,0.0,1,0
1707,7f2617c58d5d06806987308b45654351,3656.8,22,23,166.21818181818182,3.8421052631578947,0.0,19,0
941,fbc14c0cf93505ef89f64665ffa4a7b5,12227.82,18,18,679.3233333333334,4.176470588235294,0.0,18,0
2761,d9e8c084b68fe958861d8f2c21202e6b,3050.0,9,12,338.8888888888889,4.25,0.0,8,0
949,9535a841eecebed61a9fb1ac1cbb5597,784.9,2,2,392.45,3.0,0.0,2,0
2707,c8c1bea22194a4eefa2dc9a9fa89f536,1266.0,7,13,180.85714285714286,5.0,0.0,6,0
2433,2c43fb513632d29b3b58df74816f1b06,858.0,3,3,286.0,3.6666666666666665,0.0,3,0
135,6bd69102ab48df500790a8cecfc285c2,8070.0,5,5,1614.0,3.0,0.0,5,0
2970,4e8dacf3d38f281ae26c3e0321d92d88,2644.95,10,15,264.495,2.8,0.1,10,0
2362,5d9dc90a686a8fddacffab6bab5653a3,3761.94,12,12,313.495,4.166666666666667,0.0,12,0
2334,32f1bb9dfa65bc7df5c0d9d95a616be4,276.39,5,6,55.278,4.0,0.0,5,0
1064,4ce6e5f6c52515177e18c1c9361d8677,226.6,1,1,226.6,3.0,1.0,1,2
1751,a67780aba9dd436e7ac0aa1f889e73ec,863.0,6,6,143.83333333333334,3.6666666666666665,0.0,6,0
454,d8dd176509baa37f359644d082bf7f7b,198.0,2,2,99.0,1.5,0.0,2,0
1626,6a0cbc8af2e8abd1bdfb777943d174c6,3894.05,35,35,111.25857142857143,4.05,0.0,35,0
2077,00ee68308b45bc5e2660cd833c3f81cc,20260.0,135,172,150.07407407407408,4.239787234042553,0.0,131,0
1193,26e13b6ff5b641b329e5524241ee2c93,119.7,4,4,29.925,5.0,0.0,4,0
879,d93b8458c6fe139d85cfa5eadbf55bd2,19.9,1,1,19.9,5.0,0.0,1,0
227,5882f40daf39bc2a465e0cb453ddc222,640.0,1,1,640.0,2.0,0.0,1,0
3085,6cf476a4ca74498db55cbccdaa9dcfb6,939.93,6,7,156.655,3.0,0.16666666666666666,6,0
500,ace601496e211a664100321f038f50af,165.0,1,1,165.0,2.0,0.0,1,0
1204,6e85dc5ecd97a61094b89b046a509d8e,169.9,1,1,169.9,1.0,1.0,1,2
2795,3606774ec64634822d78dc2db6d37045,299.8,2,2,149.9,3.0,0.0,2,0
73,578fa3a9cb6b6dceab39231ad59cdaca,150.0,3,3,50.0,3.6666666666666665,0.0,3,0
2590,900ba814c251a692506d7834c1218441,29099.69,88,88,330.67829545454543,4.221014492753623,0.0,84,0
1169,83d7070a0b9a8b4625fa8682b819fabb,694.77,2,2,347.385,1.0,0.5,2,2
2646,0951a6e282947e09cd47969f4ed0b47f,492.3,7,7,70.32857142857142,4.857142857142857,0.0,7,0
2980,dc120d932ddf9d4dfb6fd68beefda622,130.0,1,1,130.0,1.0,0.0,1,0
2179,dfc475d54e1b6dbeeb7d7d9bdaa63827,1793.76,19,21,94.40842105263158,4.388888888888889,0.0,18,0
1994,b19f3ca2ea475913750f25a5c37c8d8f,6202.91,24,24,258.45458333333335,2.7045454545454546,0.041666666666666664,24,0
1874,c9c7905cffc4ef9ff9f113554423e671,10657.18,127,139,83.9148031496063,4.060380952380952,0.0,119,0
1171,4869f7a5dfa277a7dca6462dcf3b52b2,229472.63,1132,1156,202.7143374558304,4.181680672268907,0.0008833922261484099,871,1
1138,eb9267cccc90f1b49c8d2f9887c7dd97,319.9,1,1,319.9,5.0,0.0,1,0
1085,49383af7ab774e4e8f3000f49c83dc4b,660.0,8,12,82.5,4.375,0.0,8,0
121,cea729054f157f5870bdd321a958d994,2482.1,24,26,103.42083333333333,4.136363636363637,0.0,25,0
239,b2bdc5e7940a7d7ca8c4a37953b27a42,250.0,1,1,250.0,4.5,0.0,1,0
2769,3785b653b1b82de85ab47dd139938091,1552.0,21,24,73.9047619047619,4.666666666666667,0.0,21,0
1353,c161d1327ebc3a156c09582ab2f59f6c,52.99,3,3,17.663333333333334,3.0,0.3333333333333333,3,0
1438,fac35d150712afb921ec59ac5f39bb11,696.0,5,6,139.2,4.4,0.0,5,0
1407,c88f62b4c386a59281014d677864d016,1099.0,1,1,1099.0,1.0,0.0,1,0
561,eb5b6204dde3a6e03b5f1bb8479f055b,452.2,19,21,23.8,3.9511764705882353,0.0,18,0
2418,813348c996469b40f2e028d5429d3495,11205.83,179,202,62.60240223463687,4.122075471698113,0.0,111,0
1688,09f952a5f58d2285b0372551ae8f9b01,11821.5,50,56,236.43,3.816326530612245,0.0,51,0
3017,406740ee611378a662d274c7d8c43c4a,1790.0,8,10,223.75,4.375,0.0,8,0
2937,88cf19ec1fc2c58f161aee259d57142c,1372.97,14,14,98.06928571428571,4.5,0.0,13,0
2495,d8c7ba53e7e38711eaef8c2849d6d2e1,1190.87,22,22,54.13045454545455,4.5,0.0,20,0
2946,6bd503a8230299c9316fb0f726933927,324.29,4,5,81.0725,4.75,0.0,5,0
755,062c325cd6a2b87845fab56b4ec2eeae,133.22,2,2,66.61,5.0,0.0,2,0
1031,c679fb69a36e1d8349e8c50a217b4d58,1825.68,14,17,130.40571428571428,3.909090909090909,0.0,14,0
1184,141440cad9341e553f8401c574a2aa38,1288.2,11,12,117.10909090909091,4.333333333333333,0.0,10,0
1670,cc1f04647be106ba74e62b21f358af25,11.9,1,1,11.9,1.0,0.0,1,0
2158,741f8c587cb4248ebc5b779a0e8e0e51,89.95,5,5,17.99,4.0,0.0,5,0
15,638cba8be1fb599bbb76fd6948351eb3,598.2,17,26,35.188235294117646,4.65625,0.0,18,0
3013,6f835fd4be26989b1b064399da346143,197.8,2,2,98.9,5.0,0.0,2,0
1865,228e4c1a0be164f613d41c24345f9d2c,539.7,5,5,107.94,5.0,0.0,5,0
859,b4f8921fcc4ff77b66bea6dda43dcd51,11395.05,18,20,633.0583333333333,4.625,0.0,19,0
1129,3935fe5fe0f82787a9dcb8deb62be09d,1681.69,16,17,105.105625,3.966666666666667,0.0,15,0
842,385799a1cddbd26dfeb9157356a42282,633.93,5,7,126.786,4.0,0.2,6,0
767,9b1ab052f5fca308ba743ac789ebb2e1,294.09,2,2,147.045,4.0,0.0,2,0
2062,d94ba08b99bedd6a5f6c875ecc4a6fac,599.0,9,10,66.55555555555556,4.777777777777778,0.0,9,0
1367,c5ebe6598748b0aeaa61cfb820478b92,297.0,3,3,99.0,4.666666666666667,0.0,3,0
2627,1fdc574883ef3b33ad41562d93f3a74a,4251.0,18,18,236.16666666666666,4.444444444444445,0.0,18,0
2386,0432ead42b6c8a0bdf68154add917fdf,7792.1,85,90,91.67176470588235,4.4825,0.023529411764705882,90,0
244,b18871c324516afa228a13e8f1ef0ae9,1064.6,9,23,118.28888888888889,3.25,0.0,9,0
2353,ccada0ef508e698917a6eab263375905,172.8,3,3,57.6,3.6666666666666665,0.0,3,0
1192,edb58a1390adf273840030a3d6253829,39.9,1,1,39.9,5.0,0.0,1,0
1088,a5ff20ff766e7f50bd5066f33da14413,66.59,2,4,33.295,3.0,0.0,3,0
2206,2dee2ce60de9709b1a24083217181a1f,7784.5,54,55,144.15740740740742,4.378387096774193,0.0,32,0
1124,6f229cc508fc6915ed5c499efd93baa4,2654.8,13,14,204.2153846153846,4.333333333333333,0.0,13,0
468,2a5b78b41cd05baeac8df54c6606b92c,19025.36,49,60,388.2726530612245,4.380227272727272,0.0,51,0
1717,7ab0dd5487bab2dc835337b244f689fb,12.5,1,1,12.5,,0.0,1,0
721,8b181ee5518df84f18f4e1a43fe07923,27.9,1,1,27.9,5.0,0.0,1,0
1725,e546117ed9cafbc40239c0c78635c584,456.0,2,2,228.0,4.5,0.0,2,0
1243,a20d8058c866dbaeca014d2cd20ac62e,1194.0,2,2,597.0,5.0,0.0,2,0
1738,48efc9d94a9834137efd9ea76b065a38,345.6,33,34,10.472727272727273,5.0,0.0,19,0
2584,9198786624eaeb375793215cad26cfa6,908.3,9,10,100.92222222222222,3.7777777777777777,0.0,9,0
251,b8a0adc91af209270c2c725168eb00fd,281.4,6,6,46.9,4.0,0.0,6,0
1100,d5b9a084373da994a6e37f732169a853,1769.0,7,7,252.71428571428572,3.5714285714285716,0.0,7,0
2842,af7cdac9d9897cddead9c6b08976c642,543.54,6,6,90.59,3.6666666666666665,0.0,6,0
1270,11938fcc75f6902fea1d0a6f72b54a57,594.98,2,2,297.49,3.0,0.0,2,0
1436,d20b021d3efdf267a402c402a48ea64b,4140.17,90,106,46.00188888888889,3.712025316455696,0.011111111111111112,97,0
2379,4b39558c138930b9e5489c93b6df5fe3,1096.7,4,5,274.175,4.5,0.0,4,0
960,403aa86912527d730337ffcb0fb096ab,8959.89,11,11,814.5354545454545,4.0,0.0,11,0
1516,31561f325664a8a7aba4c8d0c3a9b3db,2702.19,36,38,75.06083333333333,4.639677419354839,0.0,36,0
2464,7b7ed56ae755e2880f2b69632e839c1e,321.5,5,5,64.3,4.2,0.0,5,0
2008,a64e44665225d19dfc0277eeeaaccc57,335.0,6,6,55.833333333333336,5.0,0.0,6,0
786,412a4720f3e9431b4afa1476a1acddbe,2058.1,21,22,98.0047619047619,4.238095238095238,0.0,21,0
2210,c70a353f02429c00775a46a75fb787da,242.0,6,6,40.333333333333336,4.6,0.0,6,0
1945,cb6c9f5888a7a090c75beaf615925792,779.89,11,11,70.89909090909092,3.75,0.0,11,0
1455,485452467ff670447e84a8370c3fc898,175.7,3,3,58.56666666666667,4.666666666666667,0.0,3,0
321,41c2bad7229b0c25e6becf179ebf63ff,782.0,20,23,39.1,4.944444444444445,0.0,22,0
2223,740205fedfe4e90ca6857bc77db0f2b4,229.9,1,1,229.9,5.0,0.0,1,0
2456,e5c84227854980f1db19a58958c551d9,72.81,4,4,18.2025,4.75,0.0,4,0
2622,ce33c6211beaa8fef4cae8b52db39862,49.0,1,1,49.0,3.0,0.0,1,0
105,a06c8ff043abea0528ee44171e2140a2,514.5,8,8,64.3125,4.75,0.0,8,0
402,3a52d63a8f9daf5a28f3626d7eb9bd28,35.0,1,1,35.0,,0.0,1,0
804,2e13c71026e1a39ba5cc1b86dcb679aa,3793.0,24,28,158.04166666666666,4.375,0.0,24,0
2947,d1ef48b38baca7e831711c4a0aeb398f,1469.12,29,35,50.65931034482759,4.4525,0.0,29,0
1934,83e197e95a1bbabc8c75e883ed016c47,6693.69,47,55,142.41893617021276,4.790697674418604,0.0,47,0
866,02b72cdeb9cfcc429f1af6f4e3f3b737,522.65,4,4,130.6625,4.75,0.0,4,0
2047,c1dde11f12d05c478f5de2d7319ad3b2,12.5,1,1,12.5,1.0,0.0,1,0
1542,ff063b022a9a0aab91bad2c9088760b7,12076.5,94,96,128.47340425531914,4.294756097560976,0.0,87,0
2932,534a01cc6df1e034e05c32028a291fa2,235.59,5,5,47.118,4.375,0.0,5,0
1487,0b35c634521043bf4b47e21547b99ab5,13533.65,51,78,265.3656862745098,3.380434782608696,0.0,72,0
2104,51702dc2a3e106c76dbff722b5bf0726,2705.1,13,14,208.08461538461538,4.3076923076923075,0.0,13,0
991,9cea4682e16655f7da87f406902e989e,87.76,4,9,21.94,4.0,0.0,4,0
2844,562fc2f2c2863ab7e79a9e4388a58a14,8814.2,260,270,33.90076923076923,4.128032786885246,0.007692307692307693,221,3
1391,818d28f936e791926d33bcb6ee94ef79,139.5,5,5,27.9,4.0,0.2,5,0
467,9baf5cb77970f539089d09a38bcec5c3,6129.67,32,33,191.5521875,4.3125,0.0,32,0
776,5a8e7d5003a1f221f9e1d6e411de7c23,11171.9,139,181,80.37338129496403,4.132148760330579,0.007194244604316547,139,0
2887,1e483cc5c76fef08d3ca05f9a8af7d01,171.99,10,11,17.199,4.1,0.0,10,0
327,ad8ada0ffa993cb1197d102d9ab21a3e,599.8,1,2,599.8,1.0,0.0,1,0
2026,3c03b12bab54d8b37d79d914bfdb1aa0,4236.34,37,43,114.49567567567567,3.8959375,0.0,36,0
1636,f41ce2e25237f9092cd8e6e7516c7a2f,2030.9,27,28,75.21851851851852,4.32,0.0,28,0
1177,1bb3812d5f0747a3ab7348f199001a10,834.4,9,9,92.71111111111111,4.888888888888889,0.0,9,0
1121,37515688008a7a40ac93e3b2e4ab203f,5986.6,228,240,26.25701754385965,4.174666666666667,0.0,168,3
2493,2493dc3f20131696a0ecdb9948051a8d,504.38,4,4,126.095,4.75,0.0,4,0
1882,cfd7ddab722b902f7ac5b5f3ba6d723d,3385.03,12,13,282.0858333333333,4.7272727272727275,0.0,12,0
2262,014c0679dd340a0e338872e7ec85666a,7058.0,14,15,504.14285714285717,3.857142857142857,0.0,14,0
1566,eebb3372362aa9a46975164bed19a7e7,591.92,7,8,84.56,2.5,0.14285714285714285,7,0
1343,2aa3443d7bf9d9bb11133f420d75e083,647.0,10,10,64.7,3.0,0.0,10,0
724,b8578d2d823bd8e251f6fdd02b40902d,1255.6,9,9,139.51111111111112,4.444444444444445,0.0,9,0
1222,7dea6f73af847b42cc3985bd620f994d,324.0,2,2,162.0,4.0,0.0,2,0
2746,f9ec7093df3a7b346b7bcf7864069ca3,519.2,9,9,57.68888888888889,4.777777777777778,0.0,9,0
1323,af3ef48d0e13835e529c29ac573c63e5,1405.63,21,21,66.9347619047619,3.825,0.0,21,0
1785,1b65c144b17e607c0f37f10bb7dfec8d,1109.5,5,5,221.9,2.0,0.0,5,0
2405,5aaa890629f83706d8d9bfecd8377c1c,48.9,1,1,48.9,1.0,0.0,1,0
1921,cab85505710c7cb9b720bceb52b01cee,11389.1,206,209,55.286893203883494,4.286608187134503,0.0,198,3
372,213b25e6f54661939f11710a6fddb871,15379.5,155,194,99.22258064516129,3.6874193548387098,0.0,158,0
1714,e3b4998c7a498169dc7bce44e6bb6277,6897.9,3,3,2299.3,2.6666666666666665,0.0,3,0
1358,db1f0f7c7e5e87f40b62226f020bb297,59.01,3,3,19.67,4.666666666666667,0.0,3,0
2978,c52c644cc0dc85121207a27013efc6af,397.8,1,2,397.8,5.0,0.0,1,0
339,c8e135e7b21ecbc36c1153a29d2f5a06,1165.5,7,7,166.5,4.833333333333333,0.0,7,0
2041,4125d9385a25e82d2f72d3a0fd55bc3f,42.9,1,1,42.9,5.0,0.0,1,0
600,7adbd3210a7b3cc2235e225eef33574d,131.9,3,3,43.96666666666667,4.666666666666667,0.0,3,0
2647,655220df33262c7e0c4949a147366f94,2245.0,13,15,172.69230769230768,4.0,0.0,12,0
2287,3ac588cd562971392504a9e17130c40b,11.9,1,1,11.9,5.0,0.0,1,0
772,4c498c7345e89aebad651544829beca0,4819.76,48,48,100.41166666666666,4.284090909090909,0.0,47,0
335,8c16d1f32a54d92897cc437244442e1b,5642.6,108,118,52.24629629629629,4.416704545454546,0.0,108,0
1596,4c8545742faaf58fafd5fd14d25d75cf,3020.0,4,4,755.0,4.5,0.0,4,0
3090,3771c85bac139d2344864ede5d9341e3,1433.3,26,30,55.12692307692308,3.8461538461538463,0.0,26,0
1931,b56828a9f9027f3c918c04ca720d9e3c,360.0,3,3,120.0,2.6666666666666665,0.0,3,0
1756,f680f85bee2d253556ac91be391d2c82,5183.92,45,54,115.19822222222223,4.372105263157895,0.0,42,0
591,50770d25768b0486d89be26afca3108f,171.77,6,6,28.628333333333334,4.0,0.0,6,0
2521,45213867cefbf2cd4c6177e10216a951,4955.42,14,14,353.9585714285714,3.857142857142857,0.0,14,0
808,d29ba1220fb8634fa3a107e54497b8a4,724.94,9,9,80.54888888888888,3.2222222222222223,0.0,9,0
1695,f1b854361f4e15d5851b494df66f22b2,1168.8,3,4,389.6,3.3333333333333335,0.0,3,0
1768,7a425d299613df3e613bcf9d2eaf5c49,1218.8,18,18,67.71111111111111,4.176470588235294,0.0,17,0
827,ba89796db68db180bd389de96b2ff3b6,309.8,2,2,154.9,5.0,0.0,2,0
254,e5475dcab1e07b63d7f6e902d8f5eda8,2192.0,19,19,115.36842105263158,4.111111111111111,0.0,19,0
377,822166ed1e47908f7cfb49946d03c726,3714.83,69,108,53.838115942028985,4.112833333333334,0.0,66,0
1360,43a1d4bab73b816e44ef4e4facd9f9b5,189.9,1,1,189.9,4.0,0.0,1,0
952,edc518ba25576a0188a0e8f2c3af186f,1647.39,6,8,274.565,3.6666666666666665,0.0,6,0
159,c26ba52cf8d2f34915f2f6b7ffa0a3f3,125.96,4,4,31.49,4.0,0.0,4,0
2489,da4d149c0ddbac90557103ac0a0ec356,730.0,1,1,730.0,3.0,0.0,1,0
1399,ab27bbbad5239bc31a34709275a70db4,382.9,3,11,127.63333333333334,5.0,0.0,3,0
2732,e9729944ba65dc3ce425e0c5a22ae7b2,916.7,4,4,229.175,3.75,0.0,4,0
986,29e6e05b65f93bc224c644319dc52ecf,475.6,4,4,118.9,4.75,0.0,4,0
857,6e2d3e2dc84fb30f6078f39dd3bddd6f,219.0,1,1,219.0,1.0,1.0,1,2
619,3ab971ce71839580d2ae5b4e40fe8044,5002.9,36,38,138.96944444444443,3.8793103448275863,0.0,36,0
890,0c7533c71df861ec58ad7ff999ed0e8d,2989.3,61,73,49.00491803278688,4.136964285714286,0.0,65,0
2903,9d69ba0a7a626a64dc5db08e529559cf,19.3,1,1,19.3,5.0,0.0,1,0
1214,039e6ad9dae79614493083e241147386,12925.0,5,5,2585.0,4.0,0.0,5,0
20,901b460cdce0c64e471230d7f2f9f3a3,1904.0,5,5,380.8,4.4,0.0,5,0
2107,74c7dec0a384d8a05950e629bd23bde9,187.68,5,5,37.536,3.6,0.0,5,0
1394,577719699805dd125d5b6fdde5943bba,1077.8,8,8,134.725,4.375,0.0,8,0
1341,1099a00e0ee3a50935e6c2447ca090c5,849.7,3,3,283.23333333333335,3.6666666666666665,0.0,3,0
1074,671585f5a2af58b6e276bc01003c0d2b,1244.0,27,27,46.074074074074076,4.7305882352941175,0.0,23,0
517,2b3b9ce054da76a7428df143a567b156,301.0,5,6,60.2,3.6,0.0,6,0
1873,acb6c2ca5c82411c1fdb88d5fd5eb95e,413.88,10,11,41.388,3.9,0.0,10,0
1999,328acb143b4a73aad6bee8e734f5d20d,699.98,2,2,349.99,4.0,0.0,2,0
2840,1996942dc085d7773ba77a529b163cd0,2943.51,10,10,294.351,4.055555555555555,0.0,10,0
1957,c85d7b477a709c85a1e8b8f25aa1b270,75.0,1,2,75.0,1.0,0.0,1,0
1111,d36b07fd3c5088e477a72d1fccfe29d4,328.9,1,1,328.9,5.0,0.0,1,0
2482,e21a1e8be4715b0fcfd5385643bc49c4,703.6,21,24,33.50476190476191,3.701578947368421,0.0,22,0
1082,d23019c84ffae2d5ef2270367b8605fc,29205.1,39,39,748.848717948718,4.4324324324324325,0.0,38,0
129,c9aafcd0621b2207c10e32c649cada4d,2997.25,44,52,68.11931818181819,3.9927272727272727,0.0,47,0
2102,f0ec6a2adb05c62655a26dd347b8dede,72.0,1,2,72.0,1.0,0.0,1,0
203,0bae85eb84b9fb3bd773911e89288d54,7482.21,137,146,54.614671532846714,4.262136752136752,0.0,133,0
1181,6bef34c5be6f2bbd70aa5165f6df94b1,1198.0,2,2,599.0,2.0,0.0,2,0
789,5e106d93b717c2682b9383da480364a1,445.9,1,1,445.9,5.0,0.0,1,0
1838,bd697db56ff8e7c9cd1abeb7f72029b2,3069.78,22,22,139.53545454545454,4.181818181818182,0.0,22,0
2277,7aa538dd6e114e503a2e6154ea352253,1016.68,5,5,203.336,4.4,0.0,5,0
1491,8dd386be0767c330276ea6a3f96532d3,89.98,1,2,89.98,5.0,0.0,1,0
1023,5bc237df65098fe211bb4818f4d26d78,126.8,2,2,63.4,4.5,0.0,2,0
1172,b7e1750c1157341d2abd0251e07c186b,159.6,3,4,53.2,4.333333333333333,0.0,4,0
2720,54583ab379489add547fe47b628db589,2240.0,10,10,224.0,4.857142857142857,0.0,9,0
2249,8d46553a36e68f95350a200c12f8f2e2,746.6,13,16,57.43076923076923,3.230769230769231,0.0,15,0
2517,c3e2398fcc7e581cda2e546557bf6968,14.9,1,1,14.9,5.0,0.0,1,0
511,48e954b2da4f6a750c844173b347ed40,397.8,2,6,198.9,4.5,0.0,2,0
1208,c00396cbdd2e088fe4281baa5920aef1,832.41,1,3,832.41,5.0,0.0,1,0
2889,a36ac007a4d18f865c8d32c3b2402c2d,1359.78,9,9,151.08666666666667,2.555555555555556,0.1111111111111111,9,0
1351,95cca791657aabeff15a07eb152d7841,9.99,1,1,9.99,5.0,0.0,1,0
1660,762fafdaa57a532ee0119731697579dd,206.7,5,5,41.34,5.0,0.0,5,0
1183,5f57db27027655e6c6a391601daa0258,98.0,1,1,98.0,5.0,0.0,1,0
2914,7b7f91e98f8c6def45a1407923304402,417.47,11,14,37.95181818181818,4.181818181818182,0.0,11,0
1333,bfd938b22bc99bce1ae60dc602889f52,922.8,6,12,153.8,3.8333333333333335,0.0,6,0
1610,db7ed69a53aa9fb1c01930ba54a88bbe,109.0,1,1,109.0,5.0,0.0,1,0
1034,1acde099eb406aa220b1169b188b42da,311.1,9,10,34.56666666666667,4.667142857142857,0.0,10,0
943,3f2af2670e104d1bcb54022274daeac5,973.6,6,7,162.26666666666668,3.3333333333333335,0.0,6,0
2003,b5bb2b985208834bd5bd86c7a402bbad,621.06,2,2,310.53,5.0,0.0,2,0
330,f3295428338a40977a03f555246a70f4,644.98,7,7,92.14,3.6666666666666665,0.0,7,0
2929,09883d9ab71c8fe8a9bfc7fc3075b07e,329.5,5,5,65.9,3.4,0.0,5,0
2408,92d14edfb62ee5ae7fdff70b0f4e7233,322.0,8,13,40.25,3.375,0.0,8,0
1903,7e3dde9ffba72d5340f9aaf09b4424be,220.0,1,1,220.0,1.0,0.0,1,0
451,3f9c56764fabca627406093dcb3ef0b4,909.3,7,7,129.9,4.714285714285714,0.0,7,0
1220,12a8eb0f8d1cd3270695bf2a99f55966,397.0,2,2,198.5,3.5,0.0,2,0
323,609e1a9a6c2539919b8205cf7c4e6ff0,6595.23,87,130,75.80724137931034,3.7623943661971833,0.0,117,0
1466,a1ed30492b3b798bc121845bc4aa7366,41.8,1,2,41.8,3.0,1.0,1,2
348,7901646fdd36a55f564ffaf2dbccaaf7,11857.08,22,27,538.9581818181819,4.476190476190476,0.0,24,0
1634,8ed8ea9a57c862f2c18c2fe41f601d56,3831.9,19,19,201.67894736842106,4.4423076923076925,0.0,13,0
1363,2009a095de2a2a41626f6c6d7722678d,388.89,8,12,48.61125,4.375,0.0,8,0
112,276677b5d08786d5dce7c2149dcce48b,3522.0,33,47,106.72727272727273,3.9166666666666665,0.0,33,0
560,6df688df543f90e9b38f4319e75a9d88,1949.96,40,56,48.749,4.564102564102564,0.0,42,0
2113,0307f7565ff85b299b6e5ef162b1b1a9,4728.8,7,7,675.5428571428571,3.142857142857143,0.14285714285714285,7,0
1042,5f26c1408a65b42a7224cd463bdf3292,1139.8,10,10,113.98,4.8,0.0,10,0
613,f27e33c6d29b5138fa9967bcd445b6d5,8888.3,93,98,95.5731182795699,4.115384615384615,0.0,90,0
268,60ad151920c4f6f3ebbe8cfdf6166779,130.0,2,2,65.0,1.0,0.5,2,2
2944,ce27a3cc3c8cc1ea79d11e561e9bebb6,10682.65,135,164,79.13074074074073,3.9481720430107528,0.0,123,0
1745,76ea5315acb3f5f7ade3cd261faf922a,1087.06,15,15,72.47066666666667,4.153846153846154,0.0,15,0
2371,f457c46070d02cadd8a68551231220dd,19093.0,199,234,95.94472361809045,3.8087912087912086,0.01507537688442211,158,3
2016,9d7a1d34a5052409006425275ba1c2b4,1054.82,13,16,81.14,4.333333333333333,0.0,13,0
1404,6cd68b3ed6d59aaa9fece558ad360c0a,11188.57,149,157,75.09107382550336,4.473109243697479,0.0,153,0
615,b01c2b7b8599b325103ebcddc67413e1,169.45,4,4,42.3625,4.75,0.0,4,0
2492,6b2612338467c08c9b25f0cc55b1578d,92.9,1,1,92.9,4.0,0.0,1,0
830,698f5fa55a5f73d0740e9d9a773e8093,120.0,4,6,30.0,4.666666666666667,0.0,3,0
1545,139157dd4daa45c25b0807ffff348363,29.9,1,1,29.9,4.0,0.0,1,0
1581,ec80e49e69745ab6c14f984bf2149423,3709.0,12,12,309.0833333333333,4.0,0.0,12,0
1482,cac4c8e7b1ca6252d8f20b2fc1a2e4af,4168.18,75,83,55.57573333333333,3.5307692307692307,0.0,72,0
2268,14f2b3587172b9db894c9bad8dab520b,244.0,2,2,122.0,2.5,0.0,2,0
1657,bc503e244f187939d10c92a5c8e378ce,637.67,7,16,91.09571428571428,3.2857142857142856,0.0,7,0
2730,079d295dcbf06ee8bb1b65ba964eb2b6,349.3,5,10,69.86,4.625,0.0,5,0
988,44f091b5abab8018f682fce8124b85e5,1680.1,6,6,280.01666666666665,2.5,0.3333333333333333,6,0
1340,6a38087bc8ad4f89ff453561005f6dea,1833.43,15,22,122.22866666666667,4.625,0.0,13,0
964,6c1b6d0c604b776f844125f911eb7377,443.06,5,5,88.612,3.4,0.2,5,0
601,19a7c9f66ffa6452ff4b4c0cca71da27,279.0,1,1,279.0,5.0,0.0,1,0
590,2d9e8987a2ea5cf88dce330249043ff1,239.8,2,2,119.9,4.5,0.0,2,0
82,04843805947f0fc584fc1969b6e50fe7,1400.0,1,2,1400.0,5.0,0.0,1,0
2908,9c7fd21e0aa159b20da593371f08ff7c,798.3,7,8,114.04285714285714,3.2857142857142856,0.0,7,0
3074,fce62094ffe6a4009188ec44e681dfdd,2969.7,4,11,742.425,4.0,0.0,4,0
2000,04e38a233f726ef161074ab1c9b0399a,1352.2,23,28,58.791304347826085,3.838421052631579,0.0,23,0
1396,624f4ece8da4aafb77699233d480f8ef,9205.0,53,55,173.67924528301887,4.242826086956522,0.0,52,0
1534,cfe94489ddd337d1e29e12f2a7205d10,2376.0,20,24,118.8,4.3,0.0,20,0
202,26d6bbee02420494d471c9f6436929c0,434.51,12,13,36.20916666666667,4.65,0.0,12,0
2203,fcf16b7a8697e559f0123190bb30177d,1052.8,3,7,350.93333333333334,3.3333333333333335,0.0,3,0
610,392f7f2c797e4dc077e4311bde2ab8ce,52.0,2,2,26.0,5.0,0.0,2,0
2974,7f35f9daf223da737b78738fbae4d977,252.0,5,5,50.4,4.0,0.0,5,0
1425,411f3b52d857390502ee4e4d5ceabc2d,1804.01,21,30,85.90523809523809,4.011764705882353,0.0,20,0
678,89757206b887aed36f3e18d858460fea,120.5,2,2,60.25,5.0,0.0,2,0
812,9d5604a1f112324ad6b2aa552122e0fb,421.5,13,17,32.42307692307692,3.555833333333333,0.0,12,0
1906,994f04b3718c2bab35c2adfa8afecd2a,3445.7,49,57,70.32040816326531,4.323333333333333,0.04081632653061224,49,0
579,ec5c1d94df153d473b37f880977ae58e,199.67,2,3,99.835,2.0,0.0,2,0
1390,1dc2de47ee26a0a5b12dc14fd6dc0dea,1670.3,25,27,66.812,4.541666666666667,0.0,27,0
510,34d1ca11b242c0fee2c834ae8d788566,13422.24,40,41,335.556,4.328947368421052,0.0,39,0
3083,50c361bcf670d16f6df4d52de3dff924,35.0,1,1,35.0,1.0,1.0,1,2
1981,2f1e7b90e01d9f086cbcb301c0c3d406,59.0,1,1,59.0,5.0,0.0,1,0
1176,56e361f411e38dcef17cdc2a3d99628b,1298.0,5,10,259.6,3.75,0.0,5,0
2587,57a834594e1e9e9219603bfec184eadc,139.0,1,1,139.0,5.0,0.0,1,0
2280,bd0389da23d89b726abf911cccc54596,7472.16,87,90,85.88689655172413,4.10126582278481,0.0,87,0
1186,f80edd2c5aaa505cc4b0a3b219abf4b8,9108.2,119,128,76.53949579831932,4.087425742574258,0.008403361344537815,118,0
198,f5f2ab9bdb6b30c14c61be68c5ed37da,2134.68,18,18,118.59333333333333,4.294117647058823,0.0,18,0
212,96f7c797de9ca20efbe14545bed63eec,138.6,1,3,138.6,1.0,0.0,1,0
28,75745ef7bc7d4f3ea3380f6f5303f514,228.4,3,3,76.13333333333334,5.0,0.0,3,0
2316,d93844a9c55ba7ce353388bcf849ea56,2708.5,12,14,225.70833333333334,4.25,0.0,14,0
1796,90d4125885ab6c86e8820a722be71974,1299.55,3,5,433.18333333333334,1.0,1.0,1,2
1089,d921b68bf747894be13a97ae52b0f386,15645.8,77,77,203.1922077922078,4.581929824561404,0.0,75,0
1380,960945e1a9535cbc0cd6ddd35fbe7ae8,3381.73,28,29,120.77607142857143,4.6,0.0,28,0
1656,c2d70ce2c5d0a2eb75e78668236e6dc8,2470.9,13,15,190.06923076923076,4.615384615384615,0.0,13,0
1147,91543f9849d68d023e17194926598543,834.0,4,6,208.5,4.5,0.0,6,0
2208,941554c5757b73ba0e50aa7732310afc,107.69,3,4,35.89666666666667,4.666666666666667,0.0,3,0
720,42b729f859728f5079499127a9c2ef37,4118.86,104,132,39.60442307692308,4.549036144578313,0.0,98,0
917,ca4b77513ac2040591b0d8fae6958380,1772.45,14,15,126.60357142857143,4.666666666666667,0.0,13,0
2913,cd52a8efd71af3336b14b5039b951cc1,170.8,3,3,56.93333333333333,2.3333333333333335,0.0,3,0
2588,babcc0ab201e4c60188427cae51a5b8b,79.0,1,1,79.0,5.0,0.0,1,0
489,b9ca8e8baa5d4aa038394a700f63e69f,1289.77,14,14,92.12642857142858,4.214285714285714,0.0,14,0
2358,2ef086a599b597572aca4433b7ed6b3d,49.0,1,1,49.0,5.0,0.0,1,0
1605,a2b5b6105ea5942300631d2e76f4ffe0,3286.69,16,16,205.418125,4.785714285714286,0.0,16,0
515,9a1aea68d3efa00862ec88c0768037d0,1309.2,7,8,187.02857142857144,4.5,0.0,6,0
1555,f435898e493ba0356019a0b1cb8b55b1,649.76,10,12,64.976,4.4,0.0,10,0
1256,d2572f31e9023e9850ef986a636ff9bf,279.0,1,1,279.0,5.0,0.0,1,0
3080,503c1de08ae81a2d86f17951b204db55,4906.99,22,22,223.045,4.409090909090909,0.0,22,0
2142,5c243662ce92d84573bfaff24c3e3700,32862.02,98,100,335.32673469387754,4.1995774647887325,0.0,85,0
1000,44073f8b7e41514de3b7815dd0237f4f,18729.64,144,153,130.06694444444443,3.6737606837606838,0.0,140,0
2927,9c068d10aca38e85c50202e17b4a7e88,2658.9,17,17,156.40588235294118,4.125,0.0,17,0
706,23a0ffca143a15b9b5bbdb7d552f626a,3718.51,23,24,161.67434782608694,3.95,0.0,20,0
2205,04308b1ee57b6625f47df1d56f00eedf,60130.6,94,94,639.6872340425532,3.9098360655737703,0.0,86,3
2836,fdf736c18c589ed030e058312203e1b2,30.0,1,1,30.0,5.0,0.0,1,0
2286,0887a9f087bcd5d9f6642b52f897fc6c,1642.0,12,12,136.83333333333334,4.463333333333333,0.0,9,0
1230,781a66c0d89e30814d49fe8b5e14cd07,115.0,1,1,115.0,1.0,0.0,1,0
2139,20cb7c2fde3e5bf10f0bbe7394e1c6a9,861.9,32,51,26.934375,4.075161290322581,0.0,31,0
571,0a85ebe4e328db81ac9109781205e2f7,667.9,12,12,55.65833333333333,4.681818181818182,0.0,12,0
216,85ecf03781da592876b7844acc1b729f,251.0,2,2,125.5,4.5,0.0,2,0
666,55c96925041a14097b6a7825554f4ad5,294.8,6,10,49.13333333333333,4.0,0.0,7,0
956,07017df32dc5f2f1d2801e579548d620,946.49,8,9,118.31125,4.0,0.0,8,0
1423,e99e927c81e3f51739c94fcdfca9f10f,2702.83,22,25,122.8559090909091,3.6363636363636362,0.0,22,0
958,c013e57c075a06e5b5c48ee03c525719,1971.55,42,45,46.94166666666667,4.2072972972972975,0.0,43,0
295,695051e2981c8b19e77cafe450d5bdf3,169.76,1,1,169.76,5.0,0.0,1,0
1655,5a9b3bcab695173c820e53934574ae80,139.0,1,1,139.0,5.0,0.0,1,0
1730,5d76d80a2f5f39c891b996a1bf4c9853,1238.5,6,6,206.41666666666666,4.833333333333333,0.0,6,0
213,a3fa18b3f688ec0fca3eb8bfcbd2d5b3,47.8,1,2,47.8,5.0,0.0,1,0
694,058cb5aeb36d7c0fcae20fc85d5e0a59,1328.0,12,13,110.66666666666667,3.5833333333333335,0.0,12,0
1114,b4b447d715f9ab302a188fb43d3e96b3,685.93,5,5,137.186,4.875,0.0,4,0
833,ba143b05f0110f0dc71ad71b4466ce92,6110.58,85,86,71.88917647058824,4.434705882352941,0.0,70,0
1244,0f94588695d71662beec8d883ffacf09,9.0,1,1,9.0,5.0,0.0,1,0
2416,4bcec44888b30ba9001234c534716d3f,146.0,5,5,29.2,4.6,0.0,5,0
752,0fe2d9733ed841eb064503920015a8c0,389.64,3,3,129.88,4.666666666666667,0.0,3,0
1013,f3511c85f59f8dec53d140501ee8e7a8,69.9,1,1,69.9,5.0,0.0,1,0
1553,99cd94252748d2bdde08e17858233602,159.8,2,2,79.9,4.5,0.0,2,0
1760,0ebd97a106433a45a4aebe57c1799778,3046.8,31,32,98.28387096774193,4.483870967741936,0.0,32,0
594,9315e491484b1b0081ca166fc164108d,29.99,1,1,29.99,3.0,0.0,1,0
460,e9c6969d40e6a3d2d0f90013165c2b98,5239.98,10,10,523.998,4.4,0.0,10,0
499,729b2d09b2a0bdab221076327f13d050,1822.11,49,61,37.185918367346936,4.5,0.0,47,0
2201,43a5d4a57af536fddc96d08be3afdfcb,75.0,1,1,75.0,1.0,0.0,1,0
265,c33a5c3c983090c8b78a28e65052a20d,629.1,9,9,69.9,4.222222222222222,0.1111111111111111,9,0
1839,830379336fad8c6f3b15a4a3ddb5c66e,268.0,2,4,134.0,4.5,0.0,2,0
851,95b293867b5862941c9cd74f756a3c68,648.1,9,9,72.0111111111111,3.555555555555556,0.0,9,0
1530,f8db351d8c4c4c22c6835c19a46f01b0,50525.6,667,724,75.75052473763118,4.196465753424658,0.0014992503748125937,649,3
62,9c54608f0996c32ae4743089d915f845,194.8,3,3,64.93333333333334,4.0,0.0,3,0
2724,e89c4adbe7b1d0819dbb636e16461cf1,3181.3,24,25,132.55416666666667,3.909090909090909,0.0,23,0
3095,466222e777149751370e7e98fb623b0c,87.9,1,1,87.9,5.0,0.0,1,0
893,59417c56835dd8e2e72f91f809cd4092,36459.0,18,18,2025.5,4.266666666666667,0.0,17,0
2213,9f56a7a649097b166d8ed286ad86a15c,27.98,2,2,13.99,1.0,0.5,2,2
1318,74a9b9bddf14ece02beb81f52c41a88d,95.0,2,2,47.5,3.5,0.0,2,0
993,9449f25aeaf531019b76999ea49a6949,2046.45,10,10,204.645,4.0,0.0,10,0
2689,a17f621c590ea0fab3d5d883e1630ec6,2778.58,65,80,42.74738461538462,4.055689655172414,0.03076923076923077,66,0
568,4e480be820e37de1444325ff358c9296,430.3,1,2,430.3,5.0,0.0,1,0
2256,d7b2377bae6ace1b11fc69a11900ac36,329.6,4,4,82.4,3.25,0.0,4,0
805,11305281b50fff20ae8bb473f8e11876,6528.7,35,40,186.53428571428572,4.3021875,0.0,34,0
1822,b586cd24c010a13916af621b0325fbba,1108.94,6,7,184.82333333333332,3.8333333333333335,0.0,7,0
2111,ac1ed5fc15901fbc92920361eb4ab350,110.25,1,1,110.25,1.0,0.0,1,0
1139,a5cba26a62b8b4d0145b68b841e62e7f,14737.84,54,55,272.92296296296297,4.479166666666667,0.0,54,0
413,20f0aeea30bc3b8c4420be8ced4226c0,14.9,1,1,14.9,,0.0,1,0
2697,30829ded4523ab9224b93bc49a62c95f,6911.71,18,31,383.9838888888889,3.791875,0.0,21,0
649,53e4c6e0f4312d4d2107a8c9cddf45cd,30148.95,473,522,63.73985200845666,4.058919860627178,0.004228329809725159,477,3
100,d7827b2af99326a03b0ed9c7a24db0d3,1455.0,1,1,1455.0,5.0,0.0,1,0
2165,8603f0038fe0e52fedd3382d266723de,2355.0,10,10,235.5,4.25,0.0,9,0
1223,aeb36d67f1414f234d42a29e27cf1f17,3263.8,4,4,815.95,4.5,0.0,4,0
925,9599519be538b98748162a2b48248960,570.0,1,3,570.0,1.0,0.0,1,0
2039,2c2c9832d1bb38c5b0034a3b47d313ee,49.9,1,1,49.9,3.0,0.0,1,0
1342,a673821011d0cec28146ea42f5ab767f,13863.69,129,146,107.47046511627907,4.044313725490196,0.015503875968992248,132,0
2933,4e2627090e6e5b9fabba883a37897683,199.5,2,5,99.75,1.0,0.0,2,0
421,dc7192adf8ba09569261f4a8d576afe0,917.0,7,8,131.0,3.75,0.0,6,0
2539,2eb70248d66e0e3ef83659f71b244378,42628.61,202,212,211.03272277227722,2.7972,0.0,100,3
429,30c7f28fd3a5897b2c82d152bb760c17,2178.27,7,7,311.18142857142857,1.6,0.0,6,0
1498,778323240ce2830d68aab11794e00bfb,189.98,3,3,63.32666666666667,4.333333333333333,0.0,3,0
835,a8739afb32aaa45e01815ca76f76f54b,298.83,13,15,22.986923076923077,3.5366666666666666,0.0,12,0
25,fffd5413c0700ac820c7069d66d98c89,9062.3,60,61,151.03833333333333,3.875,0.016666666666666666,60,0
141,fb503a924a0b9db19d83dd0ac6dbef8c,13.9,1,1,13.9,5.0,0.0,1,0
2512,0015a82c2db000af6aaaf3ae2ecb0532,2685.0,3,3,895.0,3.6666666666666665,0.0,3,0
2664,7a9c12e235c36247c3c81f50d6ea9cea,983.9,5,5,196.78,4.6,0.0,5,0
3088,001cca7ae9ae17fb1caed9dfb1094831,25080.03,200,239,125.40015,3.9338,0.0,181,3
2207,883dd81e82754ac2c65e9790a7db8c9a,319.5,5,5,63.9,4.4,0.0,5,0
1026,88ae906ea2acf6971f26c3e8b7cb4357,246.0,3,3,82.0,3.3333333333333335,0.0,3,0
2727,f63d8f293af3a6454377546bd9dd19ff,1751.82,17,28,103.04823529411765,4.4375,0.0,17,0
434,0b90b6df587eb83608a64ea8b390cf07,28592.32,164,210,174.34341463414634,3.906,0.0,149,3
211,152ee17e4c8aaf53dac99f3462e4999b,308.96,6,6,51.49333333333333,4.333333333333333,0.0,6,0
1420,5f3ae9136c875522250f8184f253413a,1158.0,43,46,26.930232558139537,4.645384615384615,0.0,46,0
1320,c18309219e789960add0b2255ca4b091,9.9,1,1,9.9,5.0,0.0,1,0
901,382229d1e840115ffe3dbf5ff460e417,4096.96,46,49,89.06434782608696,4.297878787878788,0.0,42,0
1191,a2b911e9ad40dc7d61c142a4683e2d85,85.9,1,1,85.9,5.0,0.0,1,0
2902,d7ab82074b5f1dfba46db123df101bff,38.67,2,3,19.335,4.5,0.0,2,0
465,0725b8c0f3f906e58f70cbe76b7c748c,2190.3,17,37,128.84117647058824,3.625,0.0,17,0
449,3969863bb8af7f72580b3b1ffd3a17b3,623.15,12,13,51.92916666666667,4.083333333333333,0.0,12,0
64,3febca52652e7209509ccfe61cbde40e,84.0,2,2,42.0,2.0,1.0,2,2
1853,324583d68897f5ddbaf38f6248322176,84.0,2,3,42.0,1.0,0.0,2,0
2185,052577151711aec5c744fe12e66db3e1,2748.0,4,4,687.0,2.25,0.0,4,0
1421,bc302730ea8cf49b5c74f579febb5bbf,2640.9,11,11,240.0818181818182,3.8181818181818183,0.0,11,0
3039,a5259c149128e82c9d6d46e0c1c812bb,1182.26,8,8,147.7825,4.285714285714286,0.0,8,0
2714,ac6417315ae5da8f9a38ee11de6f7780,788.9,8,8,98.6125,3.75,0.125,8,0
828,661ad5fcc28cdfb8bcadb12bb2272475,209.93,4,7,52.4825,5.0,0.0,4,0
2468,53d00c40e32aeb924a84ce72b1af869d,2165.85,17,17,127.40294117647059,4.5515384615384615,0.0,16,0
2429,8d79c8a04e42d722a75097ce5cbcf2ef,2777.72,27,28,102.87851851851852,4.42,0.0,26,0
1989,c611f4ce9ce875bcc063fa97fd4d7d12,319.0,1,1,319.0,4.0,0.0,1,0
1587,d63c73efd41eb002280e7ec831424edb,5598.0,2,2,2799.0,4.0,0.0,2,0
1091,e644cbadf7eeb30d0d29f335ce7d52ec,878.9,8,10,109.8625,3.5714285714285716,0.0,7,0
839,52831e5990d0771cb4951d6f12928167,65.0,1,1,65.0,3.0,0.0,1,0
1075,b347677812ea483b0f528eaf8cbc09b7,7288.99,21,21,347.0947619047619,4.5,0.0,21,0
2285,07a9bc7f61396b658ddf3ac534efe44c,119.9,1,1,119.9,3.5,0.0,1,0
539,8eb88b0acb3f90a717ad659221471fa7,119.8,2,2,59.9,4.5,0.0,2,0
1108,217f005bb37ff3aeef5b2ae1788e75ba,74.97,3,3,24.99,3.3333333333333335,0.0,3,0
1128,85d9eb9ddc5d00ca9336a2219c97bb13,15415.24,509,522,30.285343811394892,4.1921943573667715,0.0019646365422396855,467,3
1284,3e46a38ee171c503c3b4a3f23fe3bf0c,59.9,1,1,59.9,5.0,0.0,1,0
874,3078096983cf766a32a06257648502d1,8285.42,59,64,140.43084745762712,4.183333333333334,0.03389830508474576,59,0
2922,4aba6a02a788d3ec81c03137144d9a80,89.9,1,1,89.9,5.0,0.0,1,0
1899,3bfba5a77604f6dfae7e6dd7aaf65821,2095.5,4,4,523.875,5.0,0.0,4,0
278,8931a84a914b3fe9b1ddaa4d704947ca,4668.3,29,32,160.9758620689655,4.055555555555555,0.0,29,0
1691,9a84ba99f5367fdbd4598363496f1ea2,2284.98,16,16,142.81125,3.625,0.0625,16,0
2299,dc64d75cc406bb0697be983831430e60,813.0,4,4,203.25,4.75,0.0,4,0
2009,ea4e9ce63a2134743b4a92777437fcdd,316.6,3,4,105.53333333333333,4.666666666666667,0.0,3,0
946,eaf6d55068dea77334e8477d3878d89e,51.0,3,3,17.0,5.0,0.0,3,0
2108,8090490573c6c0aa343a7231ebcb8c86,3871.12,26,26,148.88923076923078,4.16,0.0,26,0
2331,236585a4ddb5fea9fa40233e2249ed91,649.53,11,11,59.04818181818182,4.090909090909091,0.0,11,0
1494,01bcc9d254a0143f0ce9791b960b2a47,1521.21,11,11,138.29181818181817,4.4,0.0,11,0
2182,65a7c0788e4d632ccb5e1b594b87f0bb,266.7,3,9,88.9,4.333333333333333,0.0,6,0
1045,d594982fd877af63ace38ea1fca27c76,217.04,7,7,31.005714285714287,4.333333333333333,0.0,6,0
770,845e8036c3f7bf62099352f5ed910240,1584.6,21,24,75.45714285714286,4.0,0.0,22,0
1307,1e8b33f18b4f7598d87f5cbee2282cc2,17309.06,123,140,140.7240650406504,4.327419354838709,0.0,125,0
22,5bc55dbe2f12b6af6d83ed46023e0dc8,2992.1,17,21,176.00588235294117,2.411764705882353,0.0,17,0
271,3340ef1913fb70d28420f6ceb685c339,6731.15,32,42,210.3484375,4.366666666666667,0.0,31,0
1883,ff4e2d38692ce827b1a4f4b8196e680d,518.9,11,11,47.17272727272727,4.2,0.0,10,0
3042,ca7c6bd577e559472af1c699de9e764e,148.0,6,8,24.666666666666668,4.466,0.0,5,0
1558,3d871de0142ce09b7081e2b9d1733cb1,94914.2,1080,1147,87.88351851851851,4.211985111662531,0.003703703703703704,1034,1
2740,8e4f041ff58e7845456d3482524014b3,133.8,2,2,66.9,3.0,0.0,2,0
3020,749e7cdabbaf72f16677859e27874ba5,41.9,1,1,41.9,1.0,0.0,1,0
417,c092292535a57dacd95a8765f5518f87,125.0,1,1,125.0,5.0,0.0,1,0
2541,dd8a29ce82d5c705ba932d81494600a5,205.75,2,2,102.875,3.5,0.0,2,0
1175,c0e6839516f5398edc34adf5f1d53d1a,432.92,3,3,144.30666666666667,2.6666666666666665,0.0,3,0
529,6b3bd31ad8fcda4b2635ec9f3ff2ecdf,4198.9,36,43,116.6361111111111,4.055172413793104,0.0,34,0
3031,bcd2d7510d58e293f20fad6438c1b314,23.9,1,1,23.9,,0.0,1,0
791,8a432f4e5b471f8da497d7dc517666e2,7555.0,95,106,79.52631578947368,4.2076119402985075,0.0,98,0
2686,d6b1ce66b035a475f00c017792ff9769,12277.4,92,108,133.45,4.236451612903226,0.0,82,0
775,f7ccf836d21b2fb1de37564105216cc1,2787.4,70,74,39.82,3.7401694915254238,0.0,67,0
1830,35fb511489d9ee3ee27a76debce9df06,414.5,7,7,59.214285714285715,3.5,0.0,7,0
390,1588ac4010787100dddef64568f0ae35,599.97,3,3,199.99,4.0,0.0,3,0
1018,4eeb99008a0f59d2c7759c59f9a346eb,1282.0,2,2,641.0,4.5,0.0,2,0
2152,8f54d64f28a993550aa7943f12572959,2755.5,15,16,183.7,3.8214285714285716,0.0,15,0
2040,79ebd9a61bac3eaf882805ed4ecfa12a,15092.79,136,143,110.97639705882352,4.0575,0.0,141,0
1833,4d232b78ab7ef10393dc3807d827bc0d,1475.0,5,5,295.0,4.4,0.0,5,0
189,0b0ddbc7b9d9584f442c7ac92b0ff6c9,1416.76,3,3,472.25333333333333,4.666666666666667,0.0,3,0
1263,2a6fbeaa7ab9e5d59a35841a8da71ce4,1632.79,30,30,54.42633333333333,3.944444444444444,0.0,29,0
2385,42fa4ee7240e9b8eb4576358ec142ba7,3845.7,22,22,174.80454545454546,4.842105263157895,0.0,21,0
2025,e908c0f3646e8b60375734a350d95d71,2951.0,1,1,2951.0,4.0,0.0,1,0
1682,14a08204d03bb6b6bde8029f801ae0eb,2185.4,28,38,78.05,3.9965217391304346,0.0,27,0
1431,4cc43a222a0f94910728b62b97a8c5f8,108.5,1,1,108.5,3.0,0.0,1,0
120,d79e8478eed9999493990b44955fb22e,721.89,5,5,144.378,4.0,0.0,5,0
1289,d0d70d21e2234dd7cd3cf63fe414148a,598.4,8,9,74.8,4.25,0.0,9,0
2082,117cfc326c6d50da67ca858ff5c0c852,454.6,5,5,90.92,4.5,0.0,4,0
578,f3975e8a41157005d4bcbb358678cd9b,178.8,2,2,89.4,5.0,0.0,2,0
802,1da3aeb70d7989d1e6d9b0e887f97c23,8823.52,265,328,33.296301886792456,4.211743589743589,0.0037735849056603774,283,3
695,b5b800c4065bebf4d3442311c9857344,79.9,1,1,79.9,5.0,0.0,1,0
2357,9e17b9d64683aebcbb9ee362d06463b4,98.7,2,3,49.35,1.0,0.0,2,0
2259,5a05a16bb50629ee31afab8a6d4c2674,794.3,14,15,56.73571428571429,4.214285714285714,0.0,14,0
1415,e88c9b79e592e370d6bd852eeefbf057,251.87,8,9,31.48375,4.714285714285714,0.0,8,0
794,f1fdf2d13186575751aa25876536d85c,26.3,1,1,26.3,5.0,0.0,1,0
2332,abe021b01ba992245271b9aa422032df,6720.0,2,2,3360.0,3.5,0.0,2,0
2652,65febd49fd28ec955651299159b1f527,4319.7,35,40,123.42,4.294117647058823,0.0,36,0
1510,ea846a0e7ad98a741783e886d89dfa44,137.0,2,3,68.5,5.0,0.0,2,0
2785,519a7aa428f18d125a283cf8c014fdd6,79.7,3,3,26.566666666666666,4.0,0.0,3,0
1368,c0f3eea2e14555b6faeea3dd58c1b1c3,79.99,1,1,79.99,5.0,0.0,1,0
1749,70ee69419916dc13e3aed619061f996c,45.0,1,1,45.0,3.0,0.0,1,0
2006,6c9875b2f94ba781186f0c1aed8d1687,25.0,2,4,12.5,5.0,0.0,2,0
508,41b39e28db005d9731d9d485a83b4c38,17112.55,195,231,87.75666666666666,4.008758169934641,0.010256410256410256,200,3
2313,b55638ad525e906c698fa2ce742c1742,1094.8,11,12,99.52727272727273,4.181818181818182,0.0,11,0
1692,f7315bb81aea4ddca2d39e249a801c98,379.8,2,2,189.9,4.5,0.0,2,0
2504,a3082f442524a1be452e3189e003b361,301.6,3,4,100.53333333333333,4.333333333333333,0.0,3,0
1194,17e34d8224d27a541263c4c64b11a56b,56363.24,255,268,221.03231372549018,4.261411042944785,0.00784313725490196,244,3
1705,070d165398b553f3b4b851c216b8a358,3393.16,32,39,106.03625,3.2666666666666666,0.0,32,0
1463,23ff42c4bf1f8f16cddb19d8b972974a,174.7,2,3,87.35,4.0,0.0,2,0
2451,0b3f27369a4d8df98f7eb91077e438ac,146.51,2,2,73.255,4.0,0.0,2,0
1829,4a23adac87cf538689fa600d976f78b2,405.0,3,3,135.0,4.333333333333333,0.0,3,0
2400,a35ef466c6fd6d052f5d241240d3c5e2,569.9,3,3,189.96666666666667,4.666666666666667,0.0,3,0
3001,6b9b80d53ba3676eafe60268a810b5a1,882.7,10,10,88.27,3.9,0.0,10,0
315,b86a47b3366e3b5424a7b225781f4908,86.5,1,1,86.5,3.0,0.0,1,0
2321,26b482dccfa29bd2e40703ba45523702,344.78,3,4,114.92666666666666,5.0,0.0,3,0
1162,3361277dc30b7cccdb0c286b24219756,3905.05,29,42,134.65689655172415,4.35,0.0,31,0
2553,b43d8b707f887a30f4675391098354a0,1342.0,3,4,447.3333333333333,3.0,0.0,4,0
2593,54c04bdb5ec46762f8f08c7e8f86ed4a,3281.66,18,19,182.31444444444443,4.333333333333333,0.0,18,0
2610,620c87c171fb2a6dd6e8bb4dec959fc6,114774.5,740,798,155.1006756756757,4.2351190476190474,0.008108108108108109,638,3
2962,112453736dbe3889cfb74e1aaa0ba0c1,1890.0,7,14,270.0,4.142857142857143,0.0,7,0
841,ade45994b717ccee333492330fbf037b,7196.0,10,10,719.6,4.5,0.0,10,0
1841,d354c38a7182125a748cb10474fe963b,1610.33,18,20,89.46277777777777,4.25,0.0,19,0
1030,80146bc52c4f6af5239b23de2a20262b,27.1,1,2,27.1,3.0,0.0,1,0
1694,51e4e89242cbb846c2deff3dc015650e,822.58,16,16,51.41125,4.6,0.0,16,0
1614,42fb44130ac3134cde8e35cf8ec7df25,62.7,3,3,20.9,3.6666666666666665,0.0,3,0
1239,113e3a788b935f48aad63e1c41dac1bd,847.35,39,48,21.726923076923075,4.285714285714286,0.0,39,0
2921,a3e9a2c700480d9bb01fba070ba80a0e,13440.8,130,144,103.39076923076924,4.004385964912281,0.0,136,0
803,7bb8fac2913a6064ec412e583c6d8b4d,109.0,1,1,109.0,5.0,0.0,1,0
54,7e79d65b5c6f1f544b7daea036acf720,517.8,4,4,129.45,4.5,0.0,4,0
181,8dfbc5ff27df12f6cef751d3b9554222,226.0,4,4,56.5,4.5,0.0,4,0
2057,e59e489e2ea74bd409b798b5daf49de3,495.0,3,5,165.0,1.6666666666666667,0.0,3,0
35,c8665a4dd081a2c436b1cd921079d0d9,79.39,1,1,79.39,5.0,0.0,1,0
2576,55bb6fe5bebe5012e2d7d9928e1128ff,1816.55,15,16,121.10333333333334,3.5714285714285716,0.0,15,0
1755,392e0502231ae2f8b29994ef6398cd77,1871.7,20,20,93.585,4.25,0.05,19,0
2827,c716e0b86ed568878475b60fbb6323ad,35.0,1,1,35.0,5.0,0.0,1,0
2063,c7a0a13cbcf29d5ce51c8f80afdc0b89,483.08,8,9,60.385,4.125,0.0,8,0
963,455c5640e8c5bd1b2ee85c0158f85727,6729.5,8,8,841.1875,4.5,0.0,8,0
220,ad97a199236354e53fcd91a5a913e9a2,13205.9,17,18,776.8176470588236,4.53125,0.0,17,0
1913,5305693ffae2d3463377b1f6fe67b15a,93.56,1,1,93.56,5.0,0.0,1,0
2514,ad738d3fcf42655ed15c4960b7b6c601,65.0,1,1,65.0,1.0,0.0,1,0
2147,fdaaf5bfda82b7b80535610c831b8d09,2588.9,10,15,258.89,4.2,0.0,13,0
1278,4559697a8f7e637227c2eeaed843baff,3696.0,42,42,88.0,4.0571875,0.0,33,0
2533,2e1a7d075abe038c1b2743005fe42ff1,1396.7,19,23,73.51052631578948,4.027777777777778,0.05263157894736842,20,0
400,446cc09cdbb130904da114e807dbec40,252.8,3,3,84.26666666666667,4.666666666666667,0.0,3,0
2015,0bb738e4d789e63e2267697c42d35a2d,2388.3,30,31,79.61,4.607142857142857,0.0,30,0
2630,87142160b41353c4e5fca2360caf6f92,31095.98,305,339,101.95403278688525,4.425579399141631,0.0,300,3
1007,a888faf2d1baececa6baf9c3d603ee1f,17765.8,54,55,328.9962962962963,3.993529411764706,0.0,53,0
285,d51e0a403fe2e689ece6c73359d96e12,7790.0,19,26,410.0,4.12764705882353,0.0,18,0
2116,80ceebb4ee9b31afb6c6a916a574a1e2,6729.0,1,1,6729.0,,0.0,1,0
1880,b4ffb71f0cb1b1c3d63fad021ecf93e1,6656.09,144,165,46.22284722222222,4.2186554621848735,0.0,155,0
2441,10076e5788b8ee532724bcd460baf762,821.48,23,26,35.716521739130435,4.565217391304348,0.0,25,0
391,fcdd820084f17e9982427971e4e9d47f,4783.99,16,27,298.999375,3.9113333333333333,0.0,17,0
1266,dbb9b48c841a0e39e21f98e1a6b2ec3e,7186.85,108,118,66.54490740740741,4.242424242424242,0.0,109,0
487,9523fb39dd240aa958e040f8183d64f3,146.99,1,1,146.99,1.0,0.0,1,0
1922,1b8356dabde1d35e17cef975c3f82730,3426.39,56,61,61.18553571428571,4.19811320754717,0.0,54,0
1718,ec21206b7894c503788a684a7bc822a6,247.8,3,3,82.6,2.6666666666666665,0.3333333333333333,3,0
1190,2bf28e311bba65237358230cabac3f15,294.0,7,8,42.0,3.7142857142857144,0.0,7,0
1664,3d700782d7818f2c1e0d7a9e9d75fc00,149.7,3,3,49.9,3.6666666666666665,0.0,3,0
2609,1b1ae47a313a825a7ccceb8e2e30fa9d,2243.9,11,11,203.9909090909091,3.944444444444444,0.0,11,0
2183,515d781150feed28a6ac091bb0e3cb8c,1002.35,6,6,167.05833333333334,4.3,0.0,5,0
714,751bdc4d83a466c7206cd42e8f426b03,6648.93,54,71,123.12833333333333,3.8463265306122447,0.037037037037037035,56,0
2397,2d8cfba3fcd3170555941605edaa196a,45.0,1,1,45.0,5.0,0.0,1,0
2296,cb5df0dcb9e280b1780e9d589889f2c7,2934.72,16,19,183.42,2.6,0.0,16,0
906,6879c4d287a8dd06b11f54ea8f78e4da,527.67,6,6,87.945,4.333333333333333,0.0,6,0
1920,3b872fd4747f01cc56206f2934198618,2726.74,25,27,109.0696,3.840909090909091,0.0,26,0
909,d9b00a97818674c7f8d8b1ef0e689679,69.9,1,1,69.9,3.0,0.0,1,0
1321,c3251e13f1bbda6c74e37c160f991e19,437.8,2,2,218.9,5.0,0.0,2,0
745,a4e634166243bbb3a13fa584463fa468,155.55,2,2,77.775,2.0,1.0,2,2
2667,3a4127e1ba7208ea37044c5092aae170,2219.6,6,6,369.93333333333334,3.5,0.16666666666666666,6,0
152,92eb0f42c21942b6552362b9b114707d,6548.63,341,365,19.204193548387096,4.016542056074766,0.0,304,3
1216,2709af9587499e95e803a6498a5a56e9,1279.56,26,47,49.213846153846156,3.7916666666666665,0.0,28,0
1685,0af2ab31141893d26aca5a404a537dab,59.0,1,1,59.0,5.0,0.0,1,0
1049,6e864f5c4669eff3d98140a07cc50202,740.59,13,13,56.96846153846154,4.461538461538462,0.0,13,0
428,e5e33c0d8e7e002f398f5dc4cbbb338f,6698.7,28,29,239.23928571428573,4.3076923076923075,0.03571428571428571,28,0
3061,13dd308f81fea30cc670c656b2b46cc3,117.7,3,3,39.233333333333334,5.0,0.0,3,0
1786,0d33a55da925bbf1ff02af5f6059fc7f,547.3,22,24,24.87727272727273,4.428571428571429,0.0,22,0
747,6d04126aba80df143fd038e711b8fd96,89.99,1,1,89.99,1.0,0.0,1,0
2581,94231344608e603693b0a8891143f65d,722.0,3,3,240.66666666666666,4.0,0.0,3,0
1324,e603cf3fec55f8697c9059638d6c8eb5,297.0,8,11,37.125,4.25,0.125,8,0
1008,ffdd9f82b9a447f6f8d4b91554cc7dd3,2101.2,18,20,116.73333333333333,4.294117647058823,0.0,18,0
3040,c500367424994318b9e779ff1ae9a330,4346.4,9,9,482.93333333333334,4.0,0.0,9,0
164,c13ef0cfbe42f190780f621ce81f2234,390.0,1,1,390.0,3.0,0.0,1,0
777,65b081a070633e057c462abdd6fb9dd8,1885.09,19,20,99.21526315789474,4.277777777777778,0.0,18,0
1098,18a349e75d307f4b4cc646a691ed4216,8711.53,121,148,71.99611570247934,3.484137931034483,0.01652892561983471,115,0
2719,b64d51f0435e884e8de603b1655155ae,416.18,17,23,24.481176470588235,4.28125,0.0,17,0
2333,5dc4bdaf869e8c77c648078cbe8d59c2,292.99,1,1,292.99,1.0,1.0,1,2
1325,daeb5653dd96c1b11860f72209795012,2305.9,40,41,57.6475,4.1118421052631575,0.0,39,0
186,0ec28cec4046a4a199b6de9b4c891d97,296.6,3,4,98.86666666666666,5.0,0.0,3,0
1929,610f72e407cdd7caaa2f8167b0163fd8,13585.16,16,17,849.0725,3.625,0.0,16,0
1548,134a288e7de827ec5ec62e3ec9c3a295,877.45,9,9,97.49444444444444,4.777777777777778,0.0,9,0
2035,024b564ae893ce8e9bfa02c10a401ece,706.4,2,8,353.2,4.5,0.0,2,0
501,4bfc7a4a1cf8d4d2121c27422d9e50b5,8124.4,26,40,312.4769230769231,4.54,0.0,27,0
2198,c31eff8334d6b3047ed34bebd4d62c36,13191.5,122,123,108.12704918032787,3.8520238095238093,0.0,89,0
2159,17f51e7198701186712e53a39c564617,48019.0,56,61,857.4821428571429,4.333396226415094,0.0,56,0
750,3d0cd21d41671c46f82cd11176bf7277,447.8,9,11,49.75555555555555,4.666666666666667,0.0,9,0
545,9140bd1d9de28b197dce077bdd687438,1258.87,6,8,209.81166666666667,4.166666666666667,0.0,6,0
1679,0b18d63d0cd1d723567903fd34a07df2,1678.14,9,14,186.46,4.777777777777778,0.0,9,0
1952,63bc58679c44e8a998792119fd7ad23e,19.9,1,1,19.9,1.0,0.0,1,0
18,67bf6941ba2f1fa1d02c375766bc3e53,5610.0,16,22,350.625,4.125,0.0,16,0
977,c157bdeedcbc9a8e3c8bf0d87ff24428,514.27,7,10,73.46714285714286,4.428571428571429,0.0,7,0
1507,7ff588a03c2aeae4fbd23f9ae64b760d,1182.2,14,16,84.44285714285714,4.583333333333333,0.0,15,0
1900,52454f90d4c30c016768db02f88c1a74,80.5,3,5,26.833333333333332,3.6666666666666665,0.0,4,0
2733,aae5e7b457a3c72ee230a47d98fceda5,604.8,5,7,120.96,4.2,0.0,5,0
2127,8a130737016f838139d31878787a39c9,4222.03,56,62,75.39339285714286,4.435,0.0,55,0
27,c747d5b92c7648417faea95d36d763e8,139.0,1,1,139.0,5.0,0.0,1,0
2586,1a6245add4353f18ed55138808906979,30.0,1,1,30.0,3.0,0.0,1,0
2220,f4c4daa86e30c7e5a553a8d518ac03a5,6301.91,20,20,315.0955,3.7,0.05,20,0
143,6179a28a13a726c29b3bf54c070dccab,600.0,2,2,300.0,3.0,0.0,2,0
1959,0b09101900100c0e9d312861fad5a1b9,153.75,1,1,153.75,,0.0,1,0
496,bacb1f0ed56ad24198f5810d2b3fe9a5,6940.45,42,42,165.2488095238095,4.0675675675675675,0.07142857142857142,42,0
1907,f35becee938e982bd615edf8ef12bcfb,148.59,6,6,24.765,4.0,0.0,6,0
1762,761681a821d8275bc79f552116d06869,354.92,3,3,118.30666666666667,5.0,0.0,3,0
58,04aa0a1c5ce6b222003403a3e11c3cc0,5518.0,11,17,501.6363636363636,4.090909090909091,0.0,11,0
2752,01266d4c46afa519678d16a8b683d325,90.25,3,3,30.083333333333332,5.0,0.0,3,0
228,cad10cc982ab6a391570c211b995c17c,47.4,1,1,47.4,5.0,0.0,1,0
2803,643214e62b870443ccbe55ab29a4dccf,3270.13,66,68,49.54742424242424,4.423728813559322,0.0,67,0
2829,8185694b58b2ba6de20fd41ae608bbea,1372.3,8,8,171.5375,4.5,0.0,8,0
814,c8cc60ffd415254af5d9b9f34f32c369,722.2,8,9,90.275,4.75,0.0,8,0
1845,5debea795b07621e1f90532e18f96145,1883.78,25,33,75.3512,4.38875,0.0,25,0
668,cfb1a033743668a192316f3c6d1d2671,12803.64,147,184,87.09959183673469,3.987435897435897,0.006802721088435374,154,0
2701,70126eecc6aa1274392a1743866e9678,97.4,3,3,32.46666666666667,5.0,0.0,3,0
850,4a82168aaef173cbb6e46ae88728f919,512.0,4,4,128.0,4.0,0.0,4,0
294,02a2272692e13558373c66db98f05e2e,54.98,2,2,27.49,3.0,0.5,2,2
1800,bb5bd94c8f59cc050072d2930c869cac,2543.87,16,17,158.991875,4.214285714285714,0.0,17,0
1629,253f95b3a0e6983ae18aed49fbc2b845,799.5,5,5,159.9,4.4,0.0,5,0
926,ee2fbacc2fc3794e656cc4d933d59ce7,464.97,2,3,232.485,4.0,0.0,2,0
645,42bde9fef835393bb8a8849cb6b7f245,7703.0,35,40,220.0857142857143,4.2603125,0.02857142857142857,33,0
1009,5011f0d93373a4c5753adf58ca77af8d,1009.42,12,22,84.11833333333334,3.848181818181818,0.08333333333333333,11,0
1460,8e34331b7eedd03be4e5d965c1956225,145.0,5,5,29.0,4.8,0.0,5,0
607,13c2ed7698b3ca92dad49e849219da59,498.61,8,9,62.32625,4.375,0.0,8,0
258,e3a386fc36e22064434e1fa256f6a9fa,793.9,16,17,49.61875,4.25,0.0,15,0
2178,3820c6537b3853be1a0687d5a60807ec,25.0,1,1,25.0,,1.0,1,2
1546,3586b8580d9c917874e053a1bb37b5ff,1524.7,36,43,42.352777777777774,4.409090909090909,0.0,36,0
483,6524b847b982cd56bb5d4b02b776ee42,779.8,1,2,779.8,4.0,0.0,1,0
1816,891071be6ba827b591264c90c2ae8a63,4177.28,92,98,45.40521739130435,3.814057971014493,0.010869565217391304,94,0
1708,13e85aac53340018b40c2af68001b7e0,17.8,1,1,17.8,5.0,0.0,1,0
2459,00ab3eff1b5192e5f1a63bcecfee11c8,98.0,1,1,98.0,5.0,0.0,1,0
1619,f0ec78809fe0bc3edb11c9fe5b97b059,62.6,2,2,31.3,4.0,0.0,2,0
84,483ca627d131e18f988349b1655c0acd,264.0,1,1,264.0,5.0,0.0,1,0
1836,3bb548e3cb7f70f28e3f11ee9dce0e59,7690.02,46,53,167.17434782608694,4.256756756756757,0.0,44,0
2626,c8b0e2b0a7095e5d8219575d5e7e1181,12170.21,84,85,144.88345238095238,4.0167142857142855,0.0,84,0
1877,b00af24704019bd2e1b335e70ad11f7c,189.0,1,1,189.0,5.0,0.0,1,0
646,56f413900b5166ab4d730e9ac0b12cb0,151.79,3,3,50.596666666666664,4.666666666666667,0.0,3,0
2274,8c3b533c63cca56240f94f1e3a6b18ef,3312.16,5,8,662.432,1.5,0.0,5,0
1815,62de60d81c55c29d76a6bce418b31cef,103.0,1,1,103.0,4.0,0.0,1,0
2452,788e857f317e53de488d393e65a80f45,1210.0,11,11,110.0,4.944444444444445,0.0,10,0
1259,184a67a8f9f63234d3a92340bbdb727f,268.66,8,11,33.5825,3.875,0.0,11,0
379,68f86ba270525243e68ae74044f992b9,876.5,11,12,79.68181818181819,4.363636363636363,0.0,11,0
320,11bfa66332777660bd0640ee84d47006,3925.87,76,102,51.65618421052631,3.923076923076923,0.0,77,0
115,74871d19219c7d518d0090283e03c137,550.04,6,7,91.67333333333333,5.0,0.0,6,0
1062,e595809a6c31ec4314fd06ef198c244d,39.0,1,1,39.0,5.0,0.0,1,0
942,166e8f1381e09651983c38b1f6f91c11,78.8,2,2,39.4,5.0,0.0,2,0
1458,a2deecd5398f5df4987110c80a1972a3,827.43,16,16,51.714375,4.035714285714286,0.125,15,0
108,4bc3d93e4a5f88a598d3d8ce4ae510b3,169.0,1,1,169.0,1.0,1.0,1,2
59,de9727ca376d1be6ec121b110aa7954c,1058.7,10,12,105.87,4.0,0.0,10,0
1862,1ca4bdb0cd7fc48e949bac066188ed26,1520.0,4,4,380.0,4.5,0.25,4,0
2401,dbc51f5e45d654ecc16cb68e6817ecea,199.99,1,1,199.99,4.0,0.0,1,0
3034,2e0dba2da448400b1c11d7b4b22f32a4,235.87,7,13,33.69571428571429,3.5,0.0,6,0
1535,b14db04aa7881970e83ffa9426897925,5898.6,83,111,71.06746987951807,3.7733333333333334,0.0,82,0
127,9558aa23f77a9e0a0eca83540999f43b,125.7,2,2,62.85,3.0,0.0,2,0
1697,b18dc380845b24038cfc48006478f099,8353.3,44,54,189.84772727272727,4.102564102564102,0.0,41,0
1285,701938c450705b8ae65fc923b70f35c7,11983.28,75,112,159.77706666666666,4.011166666666667,0.0,74,0
2704,93dc87703c046b603023e75222018b45,8517.35,35,36,243.35285714285715,3.933333333333333,0.0,34,0
2232,3296662b1331dea51e744505065ae889,517.8,1,1,517.8,5.0,0.0,1,0
2121,cd233f8bfa30ebfd651f47ee7d054951,79.9,1,1,79.9,5.0,0.0,1,0
2171,3d4824f20035949c710eaf111f869d39,1041.04,9,10,115.67111111111112,4.111111111111111,0.0,9,0
2157,a08692680c77d30a0b4280da5df01c5a,2433.0,6,17,405.5,5.0,0.0,8,0
1924,e4253cef933647000a82ff39c67b7bde,68.0,2,2,34.0,2.0,0.0,2,0
2987,29c322e3f09f886f8bacbe91dfbd979e,48.98,1,2,48.98,5.0,0.0,2,0
2302,70c27847eca8195c983ed7e798c56743,12077.52,77,98,156.85090909090908,4.201206896551724,0.0,74,0
1447,575df70bde3f9f2b30bf8d2e9910d725,5410.05,27,34,200.37222222222223,4.074074074074074,0.0,27,0
1866,3b15288545f8928d3e65a8f949a28291,14061.79,104,121,135.20951923076922,4.070114942528735,0.0,109,0
153,8ca5b19e0263150d2c57afdde2b3d011,180.6,3,4,60.2,4.666666666666667,0.0,3,0
676,272f092de69afedd4d2969440b37f18f,1935.33,26,40,74.43576923076922,3.8333333333333335,0.038461538461538464,31,0
778,08cdbae123ff67ca4e36d9d641ce0119,3098.99,4,6,774.7475,3.25,0.0,4,0
214,ce20a2ec1514c25e16f2b5b39bc818f0,287.0,4,7,71.75,4.75,0.0,7,0
2389,1746c1ae87ac63d530c7c943d0ac42e2,229.9,1,1,229.9,5.0,0.0,1,0
2839,1d503743d2526f03f0c2c89540ee008c,516.04,12,17,43.00333333333333,3.9166666666666665,0.0,12,0
3041,918f6fbcf3ab724d805867303e593a1b,79.7,2,3,39.85,4.0,0.0,2,0
1753,d8d9567d0bfb0bc7eb845a205ba42657,74.6,4,4,18.65,3.5,0.0,4,0
2218,7c51de0ab286204ce75ff42bf7c10d92,759.0,4,4,189.75,4.5,0.0,4,0
2715,8a8835a43bda99fd37310ad76c457510,224.34,2,3,112.17,4.5,0.0,2,0
1170,5194c22ed1f616ec0c0f33c571542879,245.6,4,4,61.4,4.333333333333333,0.0,3,0
532,15fa791d5e017f66402dc28c44480657,1802.0,8,8,225.25,4.142857142857143,0.0,7,0
945,89bc797e2e29667aa035d4368f9b7f92,407.3,17,20,23.958823529411763,3.638333333333333,0.0,16,0
1371,e9511df20ccd82658a30c37b7fb343af,2096.6,22,30,95.3,4.318181818181818,0.0,23,0
1951,c2bda99904207edd1834f03e0022b007,79.8,2,2,39.9,2.5,0.0,2,0
2370,52ac6f920b7280e4c6d30dd94de6259b,5657.3,6,7,942.8833333333333,3.6666666666666665,0.0,6,0
259,33cbbec1e7e1044aaf11d152172c776f,730.67,15,16,48.711333333333336,4.733333333333333,0.0,15,0
1203,7e1fb0a3ebfb01ffb3a7dae98bf3238d,27349.53,159,174,172.00962264150942,4.160714285714286,0.012578616352201259,140,3
1915,0af977692321d895349eded183341d28,257.75,2,2,128.875,4.5,0.0,2,0
2567,85044848b1b767db2a4a58526adef4b4,240.6,4,4,60.15,3.25,0.0,4,0
840,1b45169b635ef59425637e9a33eb5fb3,308.9,7,8,44.128571428571426,4.571428571428571,0.0,8,0
1378,d17f467e4bf608a510c20d82f4ba3b6b,3021.66,12,12,251.805,3.944444444444444,0.0,12,0
2109,90b57083da5d803237da74daec6dcb2b,206.9,2,2,103.45,5.0,0.0,2,0
1038,e3e290b38963293022cdcd6db8328103,135.7,3,3,45.233333333333334,3.3333333333333335,0.0,3,0
2945,999f6d9a1c7c81f43be44c6b7d076210,28.0,2,2,14.0,4.5,0.0,2,0
3,23613d49c3ac2bd302259e55c06c050c,4293.0,70,80,61.32857142857143,3.8208955223880596,0.0,72,0
324,87b740daf17b5d1be335a64164ec6842,14699.87,13,13,1130.7592307692307,3.3076923076923075,0.07692307692307693,13,0
2273,c76d418370990614e89e956c7a7567d9,305.24,2,2,152.62,3.5,0.0,2,0
921,951e8cef368f09bb3f3d03c00ca4702c,4092.29,64,71,63.94203125,4.0,0.0,66,0
1227,20d83f3ef0e6925fd74bfd59170babf7,2903.6,40,54,72.59,4.378378378378378,0.0,50,0
2745,a2e874074c877c5a05abae80ad6e488f,8071.98,44,46,183.45409090909092,3.91025641025641,0.022727272727272728,42,0
1780,cb810bd318f51b3dc3c753944d61a1fa,1750.0,1,1,1750.0,4.0,0.0,1,0
1923,ce3ad9de960102d0677a81f5d0bb7b2d,158.0,1,1,158.0,5.0,0.0,1,0
2012,48e5ee06fb2dc74df1c711a9b6dfac2a,57.0,1,3,57.0,5.0,0.0,1,0
2446,f84fa566034f5e8e880a07ec624c56af,5093.79,91,102,55.97571428571428,4.206,0.0,49,0
1126,71592660bbcb6a4664e97b6f8b68babc,2027.18,6,7,337.86333333333334,4.333333333333333,0.0,6,0
1295,8d92f3ea807b89465643c219455e7369,121.2,3,8,40.4,1.0,0.0,3,0
2151,8fb67a334bacec338885b4e9e1708073,59.9,1,1,59.9,5.0,0.0,1,0
2904,48bad451945f5227341793478d6353ea,307.0,3,3,102.33333333333333,4.0,0.0,3,0
2965,7e959205cebc10adefcb331f934238a4,513.9,2,2,256.95,1.0,0.0,2,0
2780,8c9348f33ae3dada25c99c99ade2af78,312.99,2,2,156.495,5.0,0.0,2,0
1217,c6218512d16fcac0af02fe92691cf274,674.0,8,8,84.25,4.0,0.0,8,0
984,19484c79cef6c062cb177aa4ef2fcc3c,201.9,1,1,201.9,1.0,0.0,1,0
3007,64b87978a11c1ea7501a89eabe8c2c1a,489.93,7,7,69.99,2.0,0.0,7,0
1249,0adac9fbd9a2b63cccaac4f8756c1ca8,15960.95,110,142,145.09954545454545,4.072333333333333,0.02727272727272727,112,0
2741,da20530872245d6cd9d2f5725613c430,314.96,2,3,157.48,4.5,0.0,2,0
868,05ff92fedb5be47920fea08e501238b9,21992.78,59,62,372.75898305084746,4.254385964912281,0.0,61,0
418,4d9fea3499bdc22aa4da4e339365f215,192.54,2,2,96.27,5.0,0.0,2,0
1870,668bf321538e5072858eaef6087ce027,19.9,1,1,19.9,5.0,0.0,1,0
1524,64c9a1db4e73e19aaafd3286dc448c96,439.0,1,1,439.0,5.0,0.0,1,0
1229,3a1a1fec38dd360f15fc912e821e169d,2007.38,15,15,133.82533333333333,3.8666666666666667,0.0,15,0
978,ac137bac82ffa8548e62bd9d01d2a14f,49.6,1,1,49.6,1.0,0.0,1,0
2676,a154d7316f158bb42e6fa18bbe3afd3a,139.8,2,2,69.9,1.0,0.0,2,0
407,cac63f48c38cd7d002a7e846dcd99a23,874.0,10,10,87.4,4.8,0.0,10,0
2244,ebef8d8c92b4fd3226e5d407bbff21ac,253.7,3,3,84.56666666666666,2.6666666666666665,0.0,3,0
387,851773c885feb5e2da3b4f82bc2b17ce,585.3,10,10,58.53,4.333333333333333,0.0,10,0
2706,866558b3bccef2dbc6d29a2b5995016f,1519.4,5,6,303.88,4.8,0.0,5,0
2597,e51f22821f0c12a16ad5c020cdcd55e9,898.71,4,4,224.6775,4.75,0.0,4,0
2005,282f23a9769b2690c5dda22e316f9941,6505.08,99,110,65.70787878787878,4.3201136363636365,0.0,99,0
2716,26562f211dd1364af2a8596dc945e8ae,99.0,2,2,49.5,5.0,0.0,2,0
2967,91f5779a8731baca4809fdeade81803f,1971.46,6,6,328.57666666666665,4.4,0.0,6,0
1337,817f85dbb65aa3e70831d90fe75cdf89,1552.27,11,11,141.11545454545455,4.55,0.0,11,0
39,365e445f796710c3431557e85caa25db,1115.0,4,5,278.75,4.5,0.0,5,0
690,60562ab00b8054280520d390c8c0045c,2943.0,17,17,173.11764705882354,4.764705882352941,0.0,17,0
2531,7813ea3ebd9411dc600b4dd01f7a97b9,1599.4,9,9,177.7111111111111,4.0,0.0,9,0
1477,d149de2f383552baea37a7198c2296ce,320.7,3,3,106.9,5.0,0.0,3,0
1209,f049a72cf58fd31b11f8919cade515e7,138.75,3,4,46.25,3.3333333333333335,0.0,3,0
2306,f5f1f2c5f923f36ad79ea1d07185ddc9,1912.15,12,13,159.34583333333333,3.0625,0.0,9,0
2977,f266295f49a28eee21f413e0cbb0521d,149.8,2,2,74.9,4.5,0.0,2,0
2919,ba6b68b55fe8704377a7d43c8e5c0185,739.77,5,5,147.954,4.2,0.0,5,0
1837,71271995e85f5b8530be99ed54a91b89,776.0,8,8,97.0,2.5,0.125,8,0
1569,d4910f1cdcfdabd48d6b316e395d4a23,1146.88,11,12,104.26181818181819,4.945,0.0,6,0
2559,76d5af76d0271110f9af36c92573f765,33461.6,131,159,255.4320610687023,4.168317757009346,0.0,135,3
2674,66dc1b1632bd6a3e508510c5b3492107,3721.39,37,42,100.57810810810811,3.5428571428571427,0.0,37,0
683,c5e60e39c0f42b8e827daa13cff74afa,134.0,6,8,22.333333333333332,4.4,0.0,6,0
1674,4e92348462c75b6c842b994ce84a0ed4,69.9,1,1,69.9,5.0,0.0,1,0
793,b44dbfbf62e52125f3c15d230569ea91,609.37,4,8,152.3425,4.75,0.0,4,0
317,9906e7aa42a3c067b7c9a564d01c4320,2619.0,12,16,218.25,4.5,0.0,12,0
608,8581055ce74af1daba164fdbd55a40de,64925.3,387,435,167.7656330749354,4.262390438247012,0.00516795865633075,389,3
2380,e1c76f339ebd5460999f25a2aa8c92c5,899.9,1,1,899.9,5.0,0.0,1,0
2681,094ced053e257ae8cae57205592d6712,1519.2,19,19,79.9578947368421,4.117647058823529,0.0,19,0
702,b2479f944e1b90cf8a5de1bbfde284d6,4752.51,103,131,46.14087378640777,3.570131578947368,0.009708737864077669,106,0
2726,4fb41dff7c50136976d1a5cf004a42e2,1230.0,3,3,410.0,4.0,0.0,3,0
2281,6b803197e03abd5056b4313306b4f29d,407.0,7,12,58.142857142857146,4.666666666666667,0.0,6,0
2988,aac29b1b99776be73c3049939652091d,6755.91,98,138,68.93785714285714,4.116666666666667,0.0,98,0
126,2a73cba571d90c694b7caca072ccf6ce,342.78,1,2,342.78,5.0,0.0,1,0
194,dd88d13bea9e4c2bf47daf224f8141e5,458.0,1,1,458.0,5.0,0.0,1,0
2230,c286ec035ee04ba81c97508f0b5df544,493.0,2,2,246.5,2.5,0.0,2,0
1620,bccf933e006e9b94a6184af782963e77,4162.74,45,46,92.50533333333334,4.5375,0.0,43,0
463,36f98ad67cc981f50ce8aed093d5783c,119.4,2,2,59.7,4.0,0.0,2,0
2096,5ef131ac72773e5b3f6c0d63cf424657,575.79,10,11,57.579,3.9375,0.0,10,0
476,49067458c68f7701fd334ce326accbe0,1047.65,17,37,61.62647058823529,3.25,0.0,36,0
1570,d98eec89afa3380e14463da2aabaea72,6968.53,168,183,41.479345238095235,4.322463768115942,0.0,168,0
883,d2df77822373f19934e87694d8640767,155.9,2,2,77.95,3.0,0.0,2,0
2156,8e6cc767478edae941d9bd9eb778d77a,6830.58,106,114,64.43943396226415,3.9017948717948716,0.018867924528301886,103,0
2093,640e21a7d01df7614a3b4923e990d40c,7598.88,116,137,65.50758620689655,4.216923076923077,0.0,107,0
1887,f25e239052084705e17a982bc600ab2a,7380.0,8,8,922.5,4.25,0.0,8,0
374,5abb8ea023c77787f2c15da891c8d384,2241.0,13,13,172.3846153846154,3.923076923076923,0.0,13,0
1146,7f7b8245c336066a1f9933c359f11d77,2094.36,38,43,55.114736842105266,4.640769230769231,0.0,27,0
1544,5587130f9850696ed7fafbc91c2cee44,69.8,2,2,34.9,5.0,0.0,2,0
1632,f1b93673502375d491780bb49d615dbc,2638.93,8,10,329.86625,3.125,0.0,9,0
224,52f0fe436a347ddad7ed5f9aa4e27eaa,1484.37,21,23,70.68428571428572,3.55,0.0,21,0
1210,c03121937e54a93fcc1825c3098bbb6e,1043.0,7,7,149.0,5.0,0.0,7,0
719,f09e26011d833ddab11593c1a097a92a,79.9,1,1,79.9,1.0,1.0,1,2
2804,2528744c5ef5d955adc318720a94d2e7,6245.0,5,5,1249.0,2.4,0.0,5,0
2975,244c2f1bff6afe1f2eaf9bfe9b2aed38,2580.0,23,27,112.17391304347827,3.782608695652174,0.0,23,0
318,a0a14e50070f3225b3eabba5b85da517,176.2,4,4,44.05,4.5,0.0,4,0
756,ad273c9eb54ecb4532de4bf75bae9e4e,645.0,10,11,64.5,4.1,0.0,11,0
1665,0df3984f9dfb3d49ac6366acbd3bbb85,10021.49,87,89,115.18954022988505,4.34375,0.011494252873563218,84,0
933,7357b52d27cbaa90f81a96cbc1279396,1328.02,12,12,110.66833333333334,4.333333333333333,0.0,12,0
3011,c35affa65afd250151285c5917fc1c8a,5279.91,9,9,586.6566666666666,4.0,0.0,9,0
647,70bf57d811208f8923b41bbd499a67a4,780.8,7,7,111.54285714285714,4.142857142857143,0.0,7,0
1296,985c92cc412091f8529c12d7f23d3fef,1368.5,12,12,114.04166666666667,4.7272727272727275,0.0,12,0
593,ddd51ae8cda92f3995a51fc0f0f3eec7,842.7,8,25,105.3375,4.625,0.0,10,0
293,964ff64dc05b13811c6d0f41e0aa5f6b,180.0,1,1,180.0,5.0,0.0,1,0
2087,da2782c804606d2a5d8e1760dbb3e7ec,89.0,1,1,89.0,1.0,0.0,1,0
1808,deaadd805612bf94faaa9fa702516e11,50.0,1,1,50.0,1.0,1.0,1,2
1120,128639473a139ac0f3e5f5ade55873a5,11908.85,533,560,22.343058161350843,4.2416849816849815,0.0,509,3
495,7d7d2b7a51328016102d4528c411d630,918.8,7,7,131.25714285714287,4.142857142857143,0.0,7,0
2659,c3cfdc648177fdbbbb35635a37472c53,43048.18,278,307,154.84956834532375,4.439661835748792,0.0,274,3
154,51f108f62cb87d61918159902c8f8583,303.73,3,3,101.24333333333334,4.0,0.0,2,0
1257,edb1ef5e36e0c8cd84eb3c9b003e486d,79284.55,166,175,477.61777108433733,4.43765625,0.0,164,3
657,05feb94f19d094d4b0f9281f0b1d4c99,9353.0,6,6,1558.8333333333333,4.5,0.0,6,0
234,de23c3b98a88888289c6f5cc1209054a,26399.67,164,181,160.9735975609756,4.347394957983194,0.006097560975609756,166,3
1645,392353362d22cc2c236e1ee81ff19890,288.7,5,10,57.74,4.6,0.0,5,0
1306,d1c7fa84e48cfa21a0e595167c1c500e,1156.03,12,12,96.33583333333333,4.318181818181818,0.0,11,0
474,f593898ec748b7a8cb81fc04edafd98a,2813.04,20,23,140.652,3.6315789473684212,0.0,20,0
2969,334cab711dee080b079fa5779b584783,1069.7,11,26,97.24545454545455,4.909090909090909,0.0,12,0
2485,2ec6e37d992a95eaddb3369dcbcc76d9,159.8,2,2,79.9,1.5,0.0,2,0
1961,0c8380b62e38e8a1e6adbeba7eb9688c,17348.79,182,220,95.32302197802198,3.9889516129032256,0.0,190,3
748,c35672b10ad50968f567ea3f4b91e877,1150.57,18,22,63.92055555555556,4.588235294117647,0.0,18,0
1666,28ea411b354f14b1a494be4e79f0ce02,820.0,6,6,136.66666666666666,4.6,0.0,6,0
2557,4deebb3199eeafb282ae33229144f94b,779.7,4,5,194.925,4.0,0.0,4,0
1910,81783131d2a97c8d44d406a4be81b5d9,1782.54,13,15,137.11846153846153,3.5933333333333333,0.38461538461538464,10,0
1179,5d0363b33554b373851fc1622e4d5f3c,6610.79,94,95,70.32755319148936,4.158227848101266,0.0,94,0
1847,f35b3c613c4f7b2275f4185d0a3c59ec,4047.25,9,9,449.69444444444446,4.555555555555555,0.0,9,0
1700,5e105f5c9f63f5f1fd75d6cb942e55b1,1471.9,8,8,183.9875,4.428571428571429,0.0,8,0
2049,86ccac0b835037332a596a33b6949ee1,16619.93,180,210,92.33294444444445,4.14593984962406,0.005555555555555556,176,3
2582,07d75e33f2750d97d467fb57e4dfdd8a,722.4,2,2,361.2,2.5,0.0,2,0
351,1e47defeeadeca0e9a18fa5a9311e735,234.12,3,3,78.04,5.0,0.0,3,0
116,d65f31d2413268e671989503f6cf9993,488.8,2,3,244.4,1.0,0.5,3,2
1791,715bbd5ba4e6b74cb0d2f29eb45058b0,4043.3,62,64,65.21451612903226,4.508474576271186,0.0,62,0
1810,b8114f2f589a6804810f04f99b36b498,1399.62,8,11,174.9525,4.761428571428572,0.0,10,0
1733,2bd05d410a8fd26dc4184a15f4f2f588,1316.73,6,7,219.455,5.0,0.0,6,0
2318,a3b42d266fa8afc874b909422ce88582,839.4,1,6,839.4,5.0,0.0,1,0
2680,77128dec4bec4878c37ab7d6169d6f26,6.5,1,1,6.5,5.0,0.0,1,0
970,8a1ff5c35f6595a73fef4c7b96e4908a,1598.0,2,2,799.0,5.0,0.0,2,0
1974,cbf09e831b0c11f6f23ffb51004db972,1535.2,10,10,153.52,4.4,0.0,10,0
2936,13074f016982ff2bd6c58ced8682f000,2116.0,14,15,151.14285714285714,3.9285714285714284,0.0,14,0
732,4ce8b55b4bfa4659184e7becc1fba3f2,199.0,2,2,99.5,3.0,0.0,2,0
2722,e72b4feb7abe210c52aa667abc25a3a2,38.2,1,2,38.2,5.0,0.0,1,0
1977,cf281cf8b7affbdfe751b29cc85580e1,64.9,1,1,64.9,1.0,0.0,1,0
2979,cfa5ab0e4d3fc212fd0b3410e7081c62,6180.8,16,21,386.3,3.6875,0.0625,16,0
1711,41b14765bd56c8ad10971074380f9c0c,395.5,8,10,49.4375,4.625,0.0,8,0
2685,71593c7413973a1e160057b80d4958f6,299.5,2,5,149.75,3.0,0.0,2,0
1856,dd2bdf855a9172734fbc3744021ae9b9,10816.7,108,113,100.15462962962962,3.9342105263157894,0.018518518518518517,105,0
2314,37ceb404da208418c9032f0674e57804,204.93,1,3,204.93,1.0,1.0,1,2
2819,5eeb9c756d9780b96283e5a2ac6da334,2471.0,9,9,274.55555555555554,4.222222222222222,0.0,9,0
1627,f08c008c8a8d31417763738a1788a2a8,1291.72,22,23,58.71454545454545,3.1,0.0,22,0
2037,128f9bfbe4c7d5185033914b1de3d39a,1277.29,14,16,91.235,4.714285714285714,0.07142857142857142,15,0
2556,86ff3eaef0267069cc891a2ed9d10a17,409.75,7,7,58.535714285714285,4.714285714285714,0.0,7,0
734,e9b6c33b71b67737693b4cfa68341c8d,119.9,1,1,119.9,4.0,0.0,1,0
1767,cb32766839f443db85c82a43c4a6c19e,234.0,2,2,117.0,3.0,0.0,2,0
2053,f52c2422904463fdd7741f99045fecb6,567.79,12,13,47.31583333333333,4.25,0.0,12,0
1272,8bdd8e3fd58bafa48af76b2c5fd71974,2324.82,11,11,211.34727272727272,4.518888888888889,0.09090909090909091,10,0
2390,973f21788dfab357250f69a8dcb7ddee,909.0,10,21,90.9,2.0,0.1,13,0
1563,edf96ef93ed595084bbcbd9224bd2894,3757.0,25,28,150.28,3.88,0.0,25,0
1567,544863df86ed3b78a04e0820d41430ee,23.9,1,1,23.9,5.0,0.0,1,0
180,528ce32f560edd11add4169f6a5b65be,59.8,2,2,29.9,5.0,0.0,2,0
2501,f650a9708fa1bab22bdd8d3a818cc415,507.75,5,5,101.55,3.4,0.2,5,0
2193,7d13fca15225358621be4086e1eb0964,113628.97,565,578,201.11322123893805,3.9112056737588654,0.0,340,3
967,d90fe2229fee1a5da999ccd0c06c1667,450.0,3,3,150.0,4.666666666666667,0.0,3,0
1219,9e94fa26a70ede4d26226e918e8706a2,62.8,1,1,62.8,5.0,0.0,1,0
1827,57c764b4a836300be881e2ff86e449f9,1211.0,29,30,41.758620689655174,4.142857142857143,0.0,30,0
626,ec2e006556300a79a5a91e4876ab3a56,125.2,4,8,31.3,1.25,0.5,4,2
263,89c127985a8b130cfa45c1d36764017a,1419.57,7,7,202.7957142857143,3.0,0.0,7,0
836,850857dfac77488c307e2b1cbd84ab5a,1599.0,1,1,1599.0,5.0,0.0,1,0
784,0ef83d7d83ed97cd2a0049ac8be5f88a,4421.01,48,55,92.104375,4.2105,0.0,46,0
3051,2a7dc43cecabf23403078e2188437d1d,4795.91,52,54,92.22903846153847,4.163043478260869,0.0,52,0
1571,b248792ac0b60ec3f93d80af1b4fae47,454.5,7,9,64.92857142857143,3.857142857142857,0.0,7,0
470,fe26f3ecb51a15e6d8335cd92da42562,2708.96,7,7,386.9942857142857,4.428571428571429,0.0,7,0
1565,9da15f4a4ea758d9eeb49000dbe57e22,196.9,1,1,196.9,2.0,0.0,1,0
780,d06d019f72a04e5497a0b64190af170c,2415.93,17,17,142.11352941176472,4.464285714285714,0.0,15,0
2632,55c26bcb609f480eb7868594245febb5,664.4,6,6,110.73333333333333,4.0,0.0,6,0
2018,86649b1632b1c0e6c0bcb2c90a8b75d8,59.99,1,1,59.99,1.0,1.0,1,2
2034,1900267e848ceeba8fa32d80c1a5f5a8,24982.53,411,529,60.784744525547445,3.849003984063745,0.0,433,3
1668,75fbb52eda0cbc24f479d3b2fbfa8d3e,1130.99,40,43,28.27475,4.4324324324324325,0.025,43,0
2878,83c465a786b06574376909b35ef6752a,281.4,3,3,93.8,5.0,0.0,3,0
478,340636a908b13bbe0f4fb63fbe1d0c03,823.2,5,6,164.64,3.4,0.2,5,0
1301,6bb66d9870c2e01c05655c7ed0e7ee13,269.0,3,3,89.66666666666667,3.6666666666666665,0.0,3,0
577,bf961104a38e01b9062ee026bb657dee,585.56,4,4,146.39,4.5,0.0,3,0
505,a90a5da8b09e44264a177c0374a5ac87,74.7,3,3,24.9,4.333333333333333,0.0,3,0
328,b0398568231ba5e6734af1881671a317,656.77,4,4,164.1925,4.0,0.0,4,0
2768,528bcf6680c36dddf07620bd35b33a6f,969.98,2,2,484.99,4.5,0.0,2,0
1057,1f7fd2a6fcd5a6fa5d8a4dabc72aaae0,531.8,3,3,177.26666666666668,5.0,0.0,3,0
2310,78744a20ee2f80ba64f6804c25def2b8,2715.0,6,6,452.5,4.166666666666667,0.0,6,0
525,c113b8df1fc375bc3d73d29c1b1144d1,333.0,3,5,111.0,4.333333333333333,0.0,3,0
717,6a51fc556dab5f766ced6fbc860bc613,7577.67,26,33,291.44884615384615,3.769230769230769,0.038461538461538464,26,0
2506,422be4cc81a457fdb46f47edeb968ae5,239.9,1,1,239.9,5.0,0.0,1,0
634,5db42a6cd9bf1bf0d3aab9582767f168,200.0,1,1,200.0,5.0,0.0,1,0
2995,3c88ed2e76a2247933a15daa7161eb1c,155.0,1,1,155.0,5.0,0.0,1,0
2580,03a2a6dcbe45d639c4dc2a0d24769c40,1078.41,9,9,119.82333333333334,4.111111111111111,0.0,9,0
1771,1c68394e931a64f90ea236c5ea590300,24832.75,142,171,174.87852112676057,4.006956521739131,0.0,123,0
1938,06df0c10d34e459d9672bc77388742eb,9070.0,26,30,348.84615384615387,4.389047619047619,0.0,21,0
2225,512d298ac2a96d1931b6bd30aa21f61d,7401.94,11,12,672.9036363636363,4.2727272727272725,0.0,11,0
210,5d3bb11474a06bdc23fb9e89f1164ee0,3654.6,31,32,117.89032258064516,4.0,0.0,32,0
710,03bd479e1d9484cdb14104d3023f7321,359.7,3,3,119.9,4.333333333333333,0.0,3,0
48,fcb5ace8bcc92f75707dc0f01a27d269,8318.63,62,73,134.1714516129032,3.9016,0.016129032258064516,60,0
2374,7494d0dcba8551df6cf37f1b905dc2f7,45.9,1,1,45.9,3.0,0.0,1,0
1016,2bdb95a56a36ebbc6640337ac5eac174,89.9,1,1,89.9,5.0,0.0,1,0
2703,48328ec9a579151d9cc6a86d4a59336c,1099.0,1,1,1099.0,2.0,0.0,1,0
2509,cce6ab8d1682639fe45ab70234f1665f,2522.7,63,66,40.042857142857144,4.415094339622642,0.015873015873015872,63,0
2530,1690cada046eb7e92c12f98b1f8a8167,1959.0,11,11,178.0909090909091,4.545454545454546,0.0,11,0
1015,bbe87dce25ba8b38bb61cc7210a3f10b,287.0,2,2,143.5,5.0,0.0,2,0
3081,efb628aa07c8ca93d7db0d85b91a4f5a,204.0,1,1,204.0,4.0,0.0,1,0
2284,dace965ca58120f92f8d742a9fa1864b,1442.0,8,8,180.25,4.625,0.0,8,0
2766,db4350fd57ae30082dec7acbaacc17f9,3331.31,137,146,24.316131386861315,4.121025641025641,0.0,137,0
1661,5882820ef11c4c068eea0677a7a879b4,9925.5,14,14,708.9642857142857,4.153846153846154,0.0,14,0
954,9b1f656ca3060f8af17a50d8a024b533,41.0,2,2,20.5,5.0,0.0,2,0
1218,455f46ef09a9e45667e2981df84b5cc2,59.8,2,2,29.9,2.5,0.0,1,0
2440,7dc9a3355bae96dd82008b313d3a456c,899.0,1,1,899.0,5.0,0.0,1,0
2267,1fbe10c70e30765ed1de86d9f7e98409,98.75,2,6,49.375,2.5,0.0,2,0
2032,19d62d484cba71963c93f0f00ab42013,139.9,1,1,139.9,4.0,0.0,1,0
2181,4b5f66b7adcf57f1ecc0d3c07dd6b177,6381.78,23,38,277.4686956521739,4.01,0.0,23,0
1077,5a413ade68e8f8d93071a7f52a64cb9e,778.9,14,14,55.635714285714286,4.833636363636364,0.0,12,0
456,0ea22c1cfbdc755f86b9b54b39c16043,10711.7,237,269,45.19704641350211,4.373681318681319,0.0,264,3
2145,c9e5ad1f6647f5dbd1172adf6ae3cada,259.03,4,4,64.7575,4.75,0.0,4,0
796,a81466620e46a6970b22ef40379fdfc9,321.8,2,2,160.9,5.0,0.0,2,0
2398,bd43e172d599bed47a85da877172ca8c,23.92,1,1,23.92,5.0,0.0,1,0
1896,3968920b9aa752ab98f7d5888c9252f2,523.3,8,10,65.4125,3.875,0.0,8,0
1281,633ecdf879b94b5337cca303328e4a25,1037.6,6,6,172.93333333333334,2.0,0.0,5,0
1247,7fe21dd00d2f4943ae09525efa2fd674,299.6,4,4,74.9,3.0,0.0,4,0
531,c3acdfac4e3e97ff87529454fbc03642,16788.0,12,12,1399.0,4.25,0.0,12,0
2837,889009a0ed0bb52c87819941192931b8,89.9,1,1,89.9,4.0,0.0,1,0
2731,fd312b6bf05efac6c3772d5b52205d8a,118.7,2,4,59.35,5.0,0.0,3,0
1409,dc8798cbf453b7e0f98745e396cc5616,2056.3,41,51,50.15365853658537,3.0665714285714287,0.024390243902439025,46,0
2453,a7d0f8dd44f57ef6de7f7f02e3d82630,73.79,2,2,36.895,4.5,0.0,2,0
546,916748bc99315c2d202898ae58b1617e,369.4,25,32,14.776,4.246521739130435,0.0,23,0
3028,3f995f07c49d0d55a99d5c54957f7d81,3955.7,43,43,91.99302325581395,4.2125,0.0,40,0
686,808d4348b916efa08e766ebad39f61eb,731.1,21,21,34.81428571428572,4.5,0.0,20,0
297,ef9952469137ff190bacafe117f51537,1002.66,5,5,200.532,4.8,0.0,5,0
1427,612a743d294c27884fb7b80d2b19ba35,3057.7,2,3,1528.85,4.5,0.0,2,0
1658,62760d278921b5f352461620d68a9cee,397.0,3,3,132.33333333333334,3.6666666666666665,0.0,3,0
1622,e560e4022d8f7aebf155db95946c5c0f,780.0,2,2,390.0,5.0,0.0,2,0
303,bfd27a966d91cfaafdb25d076585f0da,19921.0,117,118,170.26495726495727,4.3217,0.0,114,0
1261,f43827dd686be3a4a80e00aa299990fb,95.54,1,2,95.54,2.0,0.0,1,0
974,499185655c29ecfdbfe776ef7cf875b5,89.0,1,1,89.0,4.0,0.0,1,0
2583,f19516b9ff26bfeb091b30108db4ddbd,727.6,5,5,145.52,2.6,0.0,5,0
2395,c7b7db6c8f3c64a7cc1afa634db21d50,1489.0,1,1,1489.0,1.0,0.0,1,0
1406,6da1992f915d77be95d7fa48b36904af,261.0,7,9,37.285714285714285,4.0,0.0,7,0
1741,a45765f8afb1e594b22bf9e974b46765,79.99,1,1,79.99,4.0,0.0,1,0
1849,21c62b998a043ebe31161d38f84929fc,750.49,4,4,187.6225,4.5,0.0,4,0
2854,056b4ada5bbc2c50cc7842547dda6b51,12333.39,65,66,189.74446153846154,4.200555555555556,0.0,61,0
233,81ed90f07c0bacb7594940ba2ef676aa,223.9,2,2,111.95,4.5,0.0,2,0
1149,32e5635e63cb374eb63afdd242fb6134,910.0,1,1,910.0,5.0,0.0,1,0
2549,5cf13accae3222c70a9cac40818ae839,14383.2,149,156,96.53154362416107,4.404596774193548,0.0,148,0
1370,9bc484c87d79cd4874e05ca182658045,1120.0,9,9,124.44444444444444,4.0,0.0,9,0
2570,28d162ab86bb49d719c32f0ee6186eaa,109.99,1,1,109.99,4.0,0.0,1,0
2290,6a8a889bde935bafa76d7848782dfaf9,860.82,26,30,33.10846153846154,4.0088888888888885,0.0,20,0
1115,739c7d7be81f63812dea0d1b1451c651,77.5,2,2,38.75,4.0,0.0,2,0
93,539ed9e19811677513447759be5eccfc,32.83,2,2,16.415,3.0,0.0,2,0
1993,e88f7a2995ba184710d339c5c4bf2e30,251.6,2,2,125.8,5.0,0.0,2,0
89,94ca168e8bcb407ab85c5da308863027,224.3,5,5,44.86,5.0,0.0,5,0
1383,edb65fe661681b1c0de8bd47c8655855,69.0,1,1,69.0,3.0,0.0,1,0
2781,a1043bafd471dff536d0c462352beb48,101901.16,718,770,141.92362116991643,4.163834355828221,0.004178272980501393,530,3
1345,c64a2aec32cc408a8a4c6d7c46017f91,3221.5,9,9,357.94444444444446,3.75,0.0,8,0
723,7202e2ba20579a9bd1acb29e61fe71f6,12750.5,53,55,240.5754716981132,3.7934782608695654,0.0,50,0
2678,ab3e0c171fe84a7ba7de130f19cfb485,863.42,7,10,123.34571428571428,3.6666666666666665,0.14285714285714285,6,0
497,56a8b450e802502ba53a9885ee38e29f,62.45,1,1,62.45,1.0,0.0,1,0
1513,d598f929fc44e1e38678e7f47250ec04,69.9,1,1,69.9,5.0,0.0,1,0
2668,1e26c56af8d48424e1df0140a2401f83,258.9,2,2,129.45,5.0,0.0,2,0
155,3e8bd881d92466e63ba9e3e809cd3c50,2242.28,9,10,249.14222222222222,4.125,0.0,9,0
884,cf6f6bc4df3999b9c6440f124fb2f687,3.5,1,1,3.5,5.0,0.0,1,0
1871,b9de031b671cd48b28fae9d828cbf2b4,155.32,1,1,155.32,5.0,0.0,1,0
2950,160e4f13fd3a64b1b86807be88b5ffb0,886.0,4,4,221.5,4.25,0.0,4,0
609,2528513dd95219a6013d4d05176e391a,32689.1,161,167,203.03788819875777,4.051470588235294,0.006211180124223602,165,3
953,91f848e9f4be368f4318775aac733370,5932.6,63,73,94.16825396825396,4.278979591836735,0.0,54,0
416,c1849d4d32d7a6cecd5aa471809d3135,388.98,3,3,129.66,4.333333333333333,0.0,3,0
1286,4c60877808f4318ef1107fbeb8f89afa,118.0,2,2,59.0,4.0,0.0,2,0
195,b8630e1121437d41cb08e3c749c2c2e2,6988.0,12,12,582.3333333333334,4.2727272727272725,0.0,12,0
1529,10264f60a8f0a4d2f30810f5c661c673,284.6,4,4,71.15,5.0,0.0,4,0
1153,82cb9f452fe8334df74b22d37824b431,838.2,14,18,59.871428571428574,4.7775,0.0,15,0
1137,ead2bab70821ea148476ae9bc08548ac,412.1,9,9,45.78888888888889,4.555555555555555,0.0,9,0
3063,a663d9c3797e90eac99ff60939416a56,235.0,1,1,235.0,5.0,0.0,1,0
2507,98dddbc4601dd4443ca174359b237166,158.0,2,2,79.0,5.0,0.0,2,0
441,9996ae921c50e8dff411ac69c0b4bb8b,29.7,2,3,14.85,2.0,0.0,3,0
3067,8f580d36c1e9d6fbce95283403c7d447,4813.25,8,8,601.65625,4.375,0.0,8,0
2673,8501d82f68d23148b6d78bb7c4a42037,19.7,1,1,19.7,1.0,1.0,1,2
2924,a416b6a846a11724393025641d4edd5e,25670.72,162,181,158.46123456790124,4.133602941176471,0.030864197530864196,170,3
1744,c0098efcf800861dcae589affca31408,1189.28,9,9,132.14222222222222,4.777777777777778,0.0,9,0
2315,cf2384dd2f1dddea3f838efed0945e65,2101.5,16,16,131.34375,3.8666666666666667,0.0,16,0
2994,d9cd369bffa979d1634f8e1318bf2f1b,678.0,3,3,226.0,5.0,0.0,3,0
1047,457fe919b032a3f7dadba6fb92cf7855,1104.89,9,12,122.76555555555555,4.8125,0.0,9,0
2036,c447f8dd3ed213f291d65ef074a268eb,655.0,7,8,93.57142857142857,3.7142857142857144,0.0,7,0
2789,f5b44895715ddfe3087dc414f30268f3,378.8,19,19,19.936842105263157,3.9722222222222223,0.0,19,0
2620,0aa124728afc1131dff5655f4c6f487b,850.92,2,2,425.46,1.0,0.5,2,2
2195,77e4abfd739aed9c46480f90f81c0eb4,3736.99,18,18,207.61055555555555,4.823529411764706,0.0,17,0
2320,d4e12e7884759a14fa0f5f896c791cae,1400.0,29,32,48.275862068965516,4.607142857142857,0.0,30,0
2876,3c487ae8f8d7542beff5788e2e0aea83,9385.7,30,33,312.8566666666667,4.160714285714286,0.0,30,0
2490,71039d19d4303bf9054d69e9a9236699,3537.2,35,38,101.06285714285714,3.734375,0.0,36,0
892,5b92bfa4120daa27c574daa2e386c693,14.0,1,1,14.0,3.0,0.0,1,0
2660,4221a7df464f1fe2955934e30ff3a5a1,849.5,5,5,169.9,4.8,0.0,5,0
1083,7c67e1448b00f6e969d365cea6b010ab,187923.89,982,1364,191.3685234215886,3.52,0.0,968,1
2421,8629c241b3622ac12cd4118afdc8d394,1167.66,13,13,89.82,4.041666666666667,0.0,12,0
1949,081acf3de680d554796c9cf041be7bc2,1597.3,4,8,399.325,3.25,0.0,4,0
1675,e5f9e61ceb5f523cc966e0f34095032f,2238.0,4,4,559.5,4.0,0.0,4,0
2786,6edacfd9f9074789dad6d62ba7950b9c,13147.1,208,219,63.207211538461536,4.317831325301205,0.004807692307692308,211,3
503,2089a6d640999f9b9141ac719b2af596,8830.82,44,44,200.70045454545453,3.824324324324324,0.022727272727272728,44,0
1154,4d8809767a5bafe22909c77951fb6b41,50.0,1,1,50.0,5.0,0.0,1,0
1888,2e1c9f22be269ef4643f826c9e650a52,12687.68,167,173,75.97413173652694,4.228346456692913,0.005988023952095809,164,0
2295,8def3db7f272735afb2ecd03aeca09a7,196.0,2,2,98.0,5.0,0.0,2,0
2677,70b52a4cfc823994561b00bad161b4ed,585.0,8,10,73.125,4.375,0.0,8,0
1356,4c2b230173bb36f9b240f2b8ac11786e,14592.27,261,346,55.90908045977012,3.954764705882353,0.0,217,3
994,bf3c6d2a28b2b5501e6c15448982dcc9,3956.5,35,43,113.04285714285714,4.612903225806452,0.0,33,0
1099,4e326052e5dbba8adcd512f3450a307e,570.0,3,6,190.0,2.3333333333333335,0.0,3,0
2923,51ed72984a04e5dd35c2b27e77179038,1294.3,7,7,184.9,3.7,0.0,6,0
2778,e116c7455dd26a4d8c3e92532583905f,36.76,1,2,36.76,4.0,0.0,1,0
2323,010543a62bd80aa422851e79a3bc7540,1416.0,2,2,708.0,4.5,0.0,2,0
865,120476eb7a04c149d14772edaf5d9bf2,2368.8,4,6,592.2,4.25,0.0,4,0
2537,b5e3e38609125694d2ea2417522a60b7,995.04,16,17,62.19,4.3125,0.0,16,0
2257,327b89b872c14d1c0be7235ef4871685,1177.0,3,3,392.3333333333333,2.3333333333333335,0.0,3,0
2824,686886775c8f6b1191c7b953fb52708c,189.0,1,1,189.0,5.0,0.0,1,0
2209,6a53b90c3ad9e0b56d9fe5c69165fff5,139.78,2,4,69.89,3.5,0.0,2,0
1893,a7c88262832dfc683781d6a421edefae,1520.0,5,5,304.0,4.2,0.0,5,0
106,2fa13c8bd5705d279f7ed5cc9ec61c68,87.4,2,4,43.7,5.0,0.0,2,0
962,2ee0a0689f2f6a72f35a7cb6033f6e7e,272.0,4,4,68.0,4.166666666666667,0.0,4,0
1200,38e679b9e0064cd94c6f035707344dae,3694.51,28,30,131.9467857142857,4.04,0.03571428571428571,28,0
2177,49e7217cfe4e427191c378ec626d8737,3002.7,13,14,230.97692307692307,3.8461538461538463,0.0,13,0
1010,f0e103c63864d5405b958d984b6e94c9,951.7,11,11,86.51818181818182,4.7,0.0,11,0
178,aa1eb17b9fdf6dfd546e25c45c7b9235,117.99,3,4,39.33,4.666666666666667,0.0,3,0
2899,ff314fa6033cc68ec451c47aee2d6ba4,537.9,2,2,268.95,5.0,0.0,2,0
795,28a26ebce31d5918b181ede016fd693b,29.9,1,1,29.9,5.0,0.0,1,0
809,10ff823eda2b032e2c93d17a7d294736,1294.97,9,9,143.88555555555556,3.888888888888889,0.1111111111111111,9,0
8,be8e909810184b9b19e886129149d8e5,629.85,15,15,41.99,3.7333333333333334,0.0,15,0
934,2156f2671501a81034d7d07f217609d0,2981.5,22,22,135.52272727272728,3.8636363636363638,0.0,22,0
908,9b00ed88b7fdb95d6ff76e27c1b52d16,1627.88,47,51,34.63574468085106,4.431818181818182,0.02127659574468085,47,0
1690,4e17c65a516f69d023a2ae78b84f28d6,7639.26,61,74,125.23377049180328,4.217321428571428,0.0,63,0
1556,d9a84e1403de8da0c3aa531d6d108ba6,1425.2,54,59,26.392592592592592,4.4787234042553195,0.0,55,0
2377,c0aff2da32c17759d30b22fb0af6649d,188.8,4,5,47.2,3.75,0.0,4,0
3026,666658b8da8370f30e1f89893b1de5e6,298.0,1,2,298.0,5.0,1.0,1,2
370,4391ea5c5990502176a1dcda44a2373d,2349.0,3,5,783.0,4.666666666666667,0.0,3,0
2957,a1040efe9ff4a6f93c28b0499eada8f5,1658.83,1,1,1658.83,5.0,0.0,1,0
684,ebd2d60905fb58271facef5596b620d3,7941.72,84,88,94.54428571428572,4.118421052631579,0.0,87,0
2560,70a12e78e608ac31179aea7f8422044b,30858.53,315,328,97.9635873015873,3.768020304568528,0.0,304,3
1135,25c5c91f63607446a97b143d2d535d31,54679.22,158,269,346.07101265822786,3.802695652173913,0.0,149,3
1156,db6a4d4b5f1f5f98820ce6ce2619e2de,135.99,1,1,135.99,5.0,0.0,1,0
1935,f3c38ab652836d21de61fb8314b69182,1581.0,15,15,105.4,4.266666666666667,0.0,15,0
2843,934ed5cd1b9c1c7382d0a94a94b9e639,125.85,1,1,125.85,5.0,0.0,1,0
396,8060d731897e33b5c5ae575ce1e209e1,199.5,5,5,39.9,4.8,0.0,5,0
2402,4e5725ba188db8252977a4f0227bd462,1930.59,22,25,87.7540909090909,3.4,0.0,22,0
2972,d3f39f05462b79a4562d35893a28f159,2411.3,34,38,70.92058823529412,3.6093103448275863,0.0,31,0
1395,1e8c6a4c538f286aee9573239740a4b4,359.7,5,5,71.94,3.8,0.0,5,0
2565,1da366cade6d8276e7d8beea7af5d4bf,6917.59,43,49,160.87418604651162,3.902222222222222,0.0,31,0
1472,1771297ac436903d1dd6b0e9279aa505,2881.27,28,36,102.9025,4.608695652173913,0.0,27,0
2076,880eda903e719a5f179f7e9fceb3a69d,249.0,1,1,249.0,1.0,1.0,1,2
514,3faf68a3b0af94b10bac70d86077be49,1322.93,7,7,188.99,4.571428571428571,0.0,7,0
2525,fd386aa7bed2af3c7035c65506c9b4a3,2304.15,69,76,33.393478260869564,4.333396226415094,0.0,72,0
2356,2dd1fb6f0e42a2243b8a01e40cd41216,845.89,4,5,211.4725,3.6666666666666665,0.0,4,0
854,dd264199fc8b687ad029de7de6d760e6,87.9,1,1,87.9,5.0,0.0,1,0
1234,2f4b9d112bfa44a214bc6cef085d17c8,293.99,5,6,58.798,4.4,0.0,5,0
3053,538caafddff204241cecbf3a02e6b3cf,148.3,9,9,16.477777777777778,2.555555555555556,0.1111111111111111,9,0
2308,5f0057b677eb963672bf05dfa3f16c34,312.88,5,5,62.576,4.2,0.0,5,0
2830,10cdd491d1dbea8fb4ead97b19c334ce,208.9,3,3,69.63333333333334,5.0,0.0,3,0
389,ab9db4cf53b08b828b64dccaafc2d9f0,277.67,5,5,55.534,4.2,0.2,5,0
2767,e5def42655b7490edac5a56fe8e9e603,129.9,1,1,129.9,5.0,0.0,1,0
2097,1927cdb9fa74f5270097f6250e8e8f34,120.0,1,1,120.0,5.0,0.0,1,0
2422,adbc26658d6c7b4b6219f9d934598091,11806.4,88,92,134.16363636363636,4.062238805970149,0.0,81,0
1056,270297ead4c65a6cd2593960d2af6b21,9422.4,18,20,523.4666666666667,3.7333333333333334,0.05555555555555555,19,0
2435,8a87611c08849ffeeccab52aa798b6c7,2369.8,13,14,182.2923076923077,2.567,0.0,12,0
916,ea6b12bf9ffe2bac34602ec631d97a47,2625.8,11,11,238.70909090909092,4.090909090909091,0.18181818181818182,11,0
1471,72431a818f97fe6ab9c81eee3e297e54,229.9,1,1,229.9,5.0,0.0,1,0
114,9bf11dfc0bec77e5a23028043c3c5a8f,115.0,1,1,115.0,1.0,0.0,1,0
60,179d859f51292aac5c10806a356f7af9,404.47,18,19,22.470555555555556,4.321428571428571,0.0,16,0
3086,e48b04bf1aa1ef711caebeb7aede6180,3187.1,25,25,127.484,4.48,0.0,25,0
3092,e9c2dc0dd4ac38448289be644ac94f42,118.39,3,3,39.46333333333333,5.0,0.0,3,0
2873,c4d51195486dc781531876a7d00453d8,11468.98,17,17,674.6458823529412,3.9642857142857144,0.0,15,0
2382,3bfad056cf05c00dabe2f895925d83b1,206.65,1,5,206.65,1.0,0.0,1,0
2750,40536e7ca18e1bce252828e5876466cc,463.96,2,4,231.98,1.0,0.0,2,0
754,7bac63f6603d382cc8d0832eb6c100a8,7751.95,19,19,407.9973684210526,4.0,0.0,19,0
518,432c67955c0acd1fd6b0b5d678766a71,1151.0,3,3,383.6666666666667,2.3333333333333335,0.0,3,0
2996,fc6295add6f51a0936407ead70c1001d,160.0,1,4,160.0,1.0,0.0,4,0
1299,52a50b42accf164f9f019941e5759d9b,139.96,4,4,34.99,4.75,0.0,4,0
2247,cd68562d3f44870c08922d380acae552,18569.7,125,132,148.5576,3.8667777777777776,0.008,119,0
2571,3d290fe363c60a77498c1126fd3fb8d3,198.98,3,3,66.32666666666667,4.333333333333333,0.0,3,0
2349,ffad1e7127fb622cb64a900751590acd,884.3,10,15,88.43,4.8,0.0,10,0
98,7142540dd4c91e2237acb7e911c4eba2,37373.56,319,331,117.15849529780564,4.0685167464114835,0.0,327,3
2883,abcd2cb37d46c2c8fb1bf071c859fc5b,4880.22,45,52,108.44933333333333,4.273809523809524,0.0,48,0
1488,b9a03475e6447e631b6799ec8274800f,1349.1,10,11,134.91,4.2,0.0,10,0
2833,17306570e772e7718c92a562d33f5f1d,9669.8,29,32,333.4413793103448,3.611111111111111,0.0,30,0
3025,e45edf75f568ed2f93f78d060e246e25,164.3,6,7,27.383333333333333,4.1,0.0,7,0
2542,08d0949a9a17c027262db1f3c450c26c,324.8,12,12,27.066666666666666,3.6666666666666665,0.0,12,0
2476,5160d23075764e18e07c1f4a87fad743,2429.0,34,39,71.44117647058823,4.462962962962963,0.029411764705882353,39,0
715,099095b050cfe8eb1ddff5317587e96e,5193.83,17,20,305.51941176470586,3.235294117647059,0.0,17,0
2650,11fb6f6d341adbe19e81733701704635,1197.0,3,3,399.0,5.0,0.0,3,0
235,744dac408745240a2c2528fb1b6028f3,22490.6,79,84,284.69113924050635,4.541095890410959,0.0,79,0
1132,c3aad7dc65449ae90a5e9c3c6c1e78e0,510.0,6,6,85.0,4.666666666666667,0.0,6,0
2612,e1643dff33666ca629e3644c02738179,170.0,3,3,56.666666666666664,4.333333333333333,0.0,3,0
763,c24173065483e421f9e5e7f599de101d,373.91,9,9,41.54555555555556,3.555555555555556,0.0,9,0
306,30a81d8cf85fb2ada1b1b094c9583a95,1245.42,17,20,73.26,4.8125,0.0,16,0
1809,004c9cd9d87a3c30c522c48c4fc07416,19712.71,158,170,124.76398734177215,4.162622950819672,0.0,161,0
338,365e4bce19bda0082c3d15d83fdb8bcd,796.4,6,7,132.73333333333332,4.666666666666667,0.0,6,0
2634,4be2e7f96b4fd749d52dff41f80e39dd,267.0,1,1,267.0,1.0,0.0,1,0
1066,26af45f5dfd967225a832838aa4e24a3,573.1,10,11,57.31,4.222222222222222,0.0,9,0
2858,2ba91c7ad80ff88b23b7db823b43c233,740.4,6,6,123.4,3.8333333333333335,0.0,6,0
358,d9cb0052a666de5308b32f32ad5f1b1c,231.9,3,3,77.3,3.6666666666666665,0.0,3,0
412,a066df7361163e7ddc5d7452dd17448b,1078.3,15,17,71.88666666666667,4.357142857142857,0.0,15,0
2336,b6c6854d4d92a5f6f46be8869da3fa1a,69.9,1,1,69.9,1.0,0.0,1,0
2442,048c2757535328e0d7dac690ad3c0aae,9264.78,51,51,181.66235294117647,4.208333333333333,0.0,51,0
26,2be17df1c49978426251562096c3cc09,2165.0,16,16,135.3125,4.266666666666667,0.0,16,0
564,6c6e3d67f969468f3bfd33f827a31222,224.0,5,6,44.8,4.8,0.0,5,0
950,74bafed391319577bce6f4d2acc0589a,1847.0,3,3,615.6666666666666,2.6666666666666665,0.0,3,0
72,1d8dbc4f32378d715c717c1c1fc57bae,11315.89,92,98,122.99880434782608,4.0246913580246915,0.0,93,0
1168,ecccfa2bb93b34a3bf033cc5d1dcdc69,1338.64,15,19,89.24266666666666,2.3257142857142856,0.06666666666666667,14,0
2958,e627629ba868740e287800f1a9be81c2,504.5,13,13,38.80769230769231,4.363636363636363,0.15384615384615385,13,0
1960,56db5c0782e8f7ddc9343f9576ff6d16,734.8,2,2,367.4,3.0,0.0,2,0
1260,1d2732ef8321502ee8488e8bed1ab8cd,1148.0,4,5,287.0,3.0,0.0,4,0
1527,5d043cd5512d4bd2f88e5ccdd5736c38,650.0,1,1,650.0,2.0,0.0,1,0
77,31da954dc0855f2495c6310f70a2f931,4583.0,29,30,158.0344827586207,4.237307692307692,0.0,27,0
232,ee27a8f15b1dded4d213a468ba4eb391,6499.0,1,1,6499.0,5.0,0.0,1,0
1916,7402d13c03a7e91366337cd1de471144,528.38,4,4,132.095,3.5,0.0,4,0
131,751e274377499a8503fd6243ad9c56f6,218.0,1,2,218.0,5.0,0.0,1,0
37,bd0a1b0aadca9a83d9304f7e8ff5fbd5,150.6,4,4,37.65,4.5,0.0,4,0
310,553a440137d6e0cf776aee0bb83ac9f5,144.8,2,2,72.4,1.0,0.0,2,0
3033,6824a69c9ea0313eba299dd4a2dba09a,666.9,6,7,111.15,5.0,0.0,6,0
1962,2a167ca73899c85001a837d8fb4962f6,4097.0,2,3,2048.5,4.5,0.0,2,0
3064,42ef3192a9ff87a22d1867b74b3ee205,1354.09,23,23,58.87347826086957,4.6,0.0,23,0
1624,3092c0b297aacfb4bb6e056ebe13b9b8,1623.9,19,21,85.46842105263158,3.666470588235294,0.0,19,0
584,48b6c3f4c6a93171da04b75313f2130f,290.26,2,2,145.13,5.0,0.0,2,0
2454,0691148aee60ca47977c187804f935ae,5868.51,47,53,124.86191489361703,4.1477272727272725,0.0,46,0
2935,7b3447b497e55af8c15fc7bd89d7b81a,49.9,1,1,49.9,5.0,0.0,1,0
1821,184725737946a1a938bbbd1a9e978103,359.7,3,3,119.9,4.666666666666667,0.0,3,0
1609,101a3a003516bc11253298b2fad3cb65,450.0,5,6,90.0,4.875,0.0,5,0
353,d6cd01c59123df02fc226eadbadb5f89,244.9,2,3,122.45,3.0,0.5,2,2
806,f918546be4bec7104d117789ba758b2b,1483.0,20,23,74.15,3.861111111111111,0.0,19,0
939,52956b80ae65fda598f06f6b9943e7a9,792.0,3,3,264.0,4.0,0.0,3,0
834,a247197e2e9c19a6a53a6888cb8b660f,798.0,2,2,399.0,1.0,0.0,2,0
831,df0f42bc4c2142eacf0eaf2cffd0cfbb,1654.0,14,16,118.14285714285714,4.102307692307693,0.0,15,0
813,79a679c36c08d606b3fd47ead9de109b,935.0,3,7,311.6666666666667,2.0,0.0,3,0
2861,76d64c4aca3a7baf218bf93ef7fa768d,16911.8,64,69,264.246875,4.293728813559322,0.0,63,0
1164,38874e327ce94d11390b96eb42d61928,3779.94,6,6,629.99,4.0,0.0,6,0
1298,f2336e113377dd21c744d9c4fc8293a9,3563.0,4,4,890.75,4.25,0.0,4,0
574,3d4b1ae7539303b5704493798893e82c,1076.0,6,9,179.33333333333334,4.833333333333333,0.0,6,0
2293,101921376b577a4540dc30e9009133ca,373.0,1,1,373.0,2.0,0.0,1,0
225,97e4a63591ca439a2b8b7efd20e6e19e,349.95,5,5,69.99,4.5,0.0,4,0
1443,7dc8c42cc750eeafea6c85712ffee9bf,6409.68,41,50,156.33365853658538,4.29921052631579,0.0,40,0
1344,e0eabded302882513ced4ea3eb0c7059,978.4,8,8,122.3,4.714285714285714,0.0,7,0
333,8b9d6eec4a7eb7d0f9d579ce0b38324d,4232.54,49,53,86.37836734693877,3.9258333333333333,0.0,40,0
1496,5de1c80811ce7007f62f00d971236c09,76.8,2,2,38.4,5.0,0.0,2,0
2263,f09b760d23495ac9a7e00d29b769007c,21.9,1,1,21.9,4.0,0.0,1,0
1446,fe701d88b67eaca109dffd464d1be9f9,1548.9,11,11,140.8090909090909,4.15,0.0,11,0
174,ad420dd0c4f92f8af951ac24b86d0cf5,4705.29,42,46,112.03071428571428,4.105263157894737,0.0,46,0
45,3338e7a0710a195872be80e0d2423867,45.0,1,1,45.0,1.0,0.0,1,0
2863,f214d28e8d8e3ef068748498ccc2f813,2212.41,54,59,40.970555555555556,4.239583333333333,0.0,53,0
1375,1025f0e2d44d7041d6cf58b6550e0bfa,138968.55,915,1428,151.87819672131147,3.911042345276873,0.0,879,1
134,83c8aafbefb034674a70de0eac5b8954,134.9,2,2,67.45,5.0,0.0,2,0
891,c87abc38c8ed3240861729e1aeadf221,133.0,1,1,133.0,1.0,0.0,1,0
1430,c32fc744b9160ac853450488e3cfea93,185.7,3,3,61.9,2.3333333333333335,0.0,3,0
1419,ba5daa4041e1f15cdf34b76e3e18a450,806.8,15,15,53.78666666666667,4.266666666666667,0.0,15,0
2508,9cad4b68bb993ee401a3c5aaa2bc26dd,649.3,5,7,129.86,2.8,0.0,5,0
3002,bec568278124768c474ee90971ca94d1,219.9,2,2,109.95,4.5,0.0,2,0
2619,5670f4db5b62c43d542e1b2d56b0cf7c,6630.09,22,22,301.3677272727273,4.409090909090909,0.0,22,0
2467,7daca0837f033a41a6f3428c18657533,1228.98,7,7,175.56857142857143,3.5714285714285716,0.0,7,0
2616,4dbd95a08b31ede5c82d3f861cb1ce1a,1304.67,6,6,217.445,3.5,0.3333333333333333,6,0
1241,7a2d2949aea47fab95fd98d6c9f618b1,1638.99,11,12,148.9990909090909,4.2727272727272725,0.0,11,0
1790,bf84056e679dbe9c69929847a40e338f,2024.04,36,40,56.223333333333336,3.6315,0.0,21,0
1577,bd149ed516d4c5d418d5781f8e18919f,414.0,8,9,51.75,4.928571428571429,0.0,7,0
36,6e0908ef4d4efadbc3cc2b74ea477cb0,589.45,8,11,73.68125,3.5714285714285716,0.0,9,0
975,f4aba7c0bca51484c30ab7bdc34bcdd1,3009.79,110,117,27.361727272727272,3.9178571428571427,0.0,99,0
1802,bc47d5d1490df2b36add65d733eafaba,1004.8,24,25,41.86666666666667,3.2727272727272725,0.08333333333333333,24,0
2558,888faa8bfb0b159c37de6d898b961c31,2418.3,19,23,127.27894736842106,4.166666666666667,0.0,20,0
102,f22a247b79dd22ecd91dc8e3b2a1b07c,439.94,8,8,54.9925,3.9285714285714284,0.0,7,0
2064,97e50a621f8e801f4baf69e08687c192,89.9,1,1,89.9,5.0,0.0,1,0
1292,15aec03fe4cf30dfa574cf550f5ff5ff,28.9,1,1,28.9,1.0,0.0,1,0
2283,6d66611d7c44cc30ce351abc49a68421,13593.4,166,176,81.88795180722892,3.919710144927536,0.0,168,0
3037,f92d8c817434bd2d84d4e9c61322b7fa,174.84,5,5,34.968,4.6,0.0,5,0
533,61b18775be84fb700a6b2d0ba097bf66,334.5,4,5,83.625,4.75,0.0,4,0
2090,252e76235acb79183cfca6e34f13337d,261.2,3,4,87.06666666666666,3.3333333333333335,0.0,4,0
915,d197aa8fbc64087f61984deef05f6227,519.09,6,7,86.515,4.833333333333333,0.0,6,0
1677,723a46b89fd5c3ed78ccdf039e33ac63,66.64,1,1,66.64,4.0,0.0,1,0
207,8936ba0de1073ee888cb3185ae5dc661,389.99,1,1,389.99,5.0,0.0,1,0
979,bff9deb0ec77d437f3305a79cf25529e,161.95,5,5,32.39,4.0,0.0,5,0
2328,39a5005f2605cbdb4f9ac14485cabfd1,501.07,3,8,167.02333333333334,5.0,0.0,3,0
1901,d3891911c2feae53c52fea2bd14054e5,141.0,2,2,70.5,5.0,0.0,2,0
2103,2c3d56f92f360fb89d849b84e8f50eae,465.6,8,8,58.2,3.125,0.125,8,0
871,43f8c9950d11ecd03a0304a49e010da6,4249.59,41,41,103.64853658536586,4.542857142857143,0.0,39,0
1884,8132b9bd16876e1b0f8808d43825dd48,727.9,2,3,363.95,3.0,0.5,2,2
1410,aa2640d851ec322526f1295bbeb20092,159.98,1,2,159.98,3.0,0.0,1,0
1758,3fefda3299e6dfaea3466ef346a3571a,209.0,1,1,209.0,4.0,0.0,1,0
1996,e53d5b9b29d1218281f4a907ada18626,350.67,4,5,87.6675,4.75,0.0,4,0
365,5415337f1863452476d42d9f14a16a61,44.9,1,1,44.9,3.0,0.0,1,0
1442,fdb9095204a334cd8872252ffec6f2db,8156.0,46,61,177.30434782608697,4.15,0.0,44,0
704,9fbd5666d8618fa571c4230fafa09bd6,79.9,1,1,79.9,5.0,0.0,1,0
157,87d73636a3acf123e842bb890a4db036,269.9,1,1,269.9,5.0,0.0,1,0
2692,39d54ff918774174706fb065d7f9dc07,1593.59,23,25,69.28652173913044,3.8636363636363638,0.043478260869565216,23,0
2775,054694fa03fe82cec4b7551487331d74,9983.1,21,22,475.3857142857143,3.3510526315789475,0.0,20,0
1559,be7a093e5b4d147b36b72bb1f9e415e5,60.9,1,1,60.9,5.0,0.0,1,0
2563,7816cd9c5b1238e320545f5bf7eb80e8,489.0,1,1,489.0,4.0,0.0,1,0
2042,5b97c06a046398e7005b2b7c0d707a92,1519.96,4,4,379.99,3.25,0.0,4,0
1909,f4a04f7be452aa3bb31760bf00055dd0,1312.1,18,18,72.89444444444445,4.666666666666667,0.0,16,0
618,0b46f784306be7200ca1700aa55d819f,19.9,1,1,19.9,5.0,0.0,1,0
313,a478c7961d6a992065b24e63b366f90b,1281.5,8,9,160.1875,4.875,0.0,8,0
1851,df560393f3a51e74553ab94004ba5c87,3661.18,28,29,130.75642857142856,3.6785714285714284,0.0,28,0
2046,a213f1bd6458f4a158f3746cb2514559,41.52,1,1,41.52,5.0,0.0,1,0
1080,ffeee66ac5d5a62fe688b9d26f83f534,1839.86,14,14,131.41857142857143,4.1923076923076925,0.0,14,0
140,381c83fdca332ea6afd896da20bf6e4a,7355.8,46,46,159.90869565217392,4.406976744186046,0.0,46,0
2364,a7dc4098e4da6e41b426269d12ae7e91,518.0,2,3,259.0,3.0,0.0,2,0
2031,eeb6de78f79159600292e314a77cbd18,43739.84,83,84,526.9860240963856,4.4324324324324325,0.0,81,0
137,7a073a40a9d3f1fee8bc45670ea1e909,95.0,1,1,95.0,1.0,0.0,1,0
2309,5275ca25d0358ca73864e0ae41be1320,409.6,4,4,102.4,4.75,0.0,4,0
2399,921323538c9f1c4e816f2720eac02bea,1401.84,15,17,93.456,4.035714285714286,0.0,15,0
392,c7c7b2682c648339a0e9846bb1023a39,168.0,2,3,84.0,4.5,0.0,2,0
191,903037660cf848a717166eb7a06d616e,7991.51,45,60,177.58911111111112,3.9404761904761907,0.0,47,0
1972,6c6cc59a5c00cacc5054ca06d65cc282,1107.0,1,1,1107.0,5.0,0.0,1,0
760,d63f306de130e0391d38a792541723b8,49.0,1,1,49.0,5.0,0.0,1,0
218,e94b64dc6979b302a5a5be1662c83bb6,306.89,2,2,153.445,5.0,0.0,2,0
1539,c4b911d06343b21dd906651f8101cb49,90.98,2,2,45.49,1.0,0.5,2,2
1515,39f776d2974049026ff531fc42ef2a3e,1084.04,3,4,361.3466666666667,3.6666666666666665,0.0,3,0
1500,45a3d05fb00435e52a28859dd03703b3,1299.0,1,1,1299.0,5.0,0.0,1,0
1736,c200c73f9d7e5a08ca439d6a0803da7c,40.0,1,2,40.0,1.0,0.0,1,0
2931,2f73e04d12cdf0c945ded66bb3fcf6c7,1359.0,3,3,453.0,3.3333333333333335,0.0,3,0
671,2078fe5066350e7d220c0ad3a3bbc6c1,29.9,1,1,29.9,2.0,1.0,1,2
580,ce7d1888639e6fb06b2749cbfdac1ff7,11793.89,78,84,151.20371794871795,4.130597014925373,0.0,72,0
1131,f356c348fbc8df6a882823e21f5ce8b7,195.18,2,2,97.59,2.5,0.0,2,0
1625,432c37c9dfba871172ec162e20118b8c,2968.87,46,57,64.54065217391305,4.122222222222222,0.021739130434782608,45,0
2949,b29d3380981c51df13fc6fbe87e1763d,435.3,6,7,72.55,3.8333333333333335,0.0,6,0
2460,010da0602d7774602cd1b3f5fb7b709e,849.5,1,5,849.5,1.0,0.0,1,0
742,02d35243ea2e497335cd0f076b45675d,5794.0,14,16,413.85714285714283,2.5,0.0,13,0
912,f18112da765e0971ca5d510dec322bdd,327.8,2,2,163.9,4.0,0.0,2,0
2623,d1b65fc7debc3361ea86b5f14c68d2e2,11703.07,40,41,292.57675,4.54054054054054,0.025,41,0
1478,6562efe88ce0826a4ca4f189f03b4b84,1135.9,9,21,126.21111111111111,4.0,0.0,9,0
1964,323ce52b5b81df2cd804b017b7f09aa7,2554.2,30,30,85.14,4.38,0.0,29,0
2771,c6a7539d424a8402232c2228d7a03c5e,607.5,10,15,60.75,3.1,0.0,10,0
938,f7ba60f8c3f99e7ee4042fdef03b70c4,68395.0,219,230,312.30593607305934,4.197948717948718,0.0,171,3
1037,559d56f3b8f0bc2e5a9a62fe2ce2a39f,385.0,2,2,192.5,2.5,0.0,2,0
1158,2305ab43e846518f58dd9d59f3f54e96,788.89,3,3,262.9633333333333,3.6666666666666665,0.0,3,0
184,9ac4f14370b1e24ddc58be041b7f99df,314.51,5,5,62.902,4.4,0.0,5,0
87,4917cee8d902e13428c3ec4b1ca6f315,5421.9,33,33,164.3,4.224137931034483,0.06060606060606061,32,0
753,d5c530f4884a75ae0dba9c148718d278,280.88,6,9,46.81333333333333,4.0,0.0,6,0
2723,87b4428a334b8f676fd9a7f3bf544fb5,29.99,1,1,29.99,5.0,0.0,1,0
1300,4b9750c8ad28220fe6702d4ecb7c898f,15915.3,218,222,73.00596330275229,4.28,0.0,203,3
550,6eb94e1466490d327a09abf8f3552a50,1511.95,10,10,151.195,4.4375,0.0,9,0
2640,b5f0712d22a873b6797ab6cc65c3fcba,12.99,1,1,12.99,4.0,0.0,1,0
394,e88165a185134e13fdfc85d4fa654db8,108.0,2,2,54.0,3.0,0.0,2,0
2407,d97df38225e5abadaff1e72cb72b823c,1846.0,29,29,63.6551724137931,3.8846153846153846,0.0,29,0
272,3f0e48d209018b466fcd3bb4ccfeb520,5399.0,9,10,599.8888888888889,3.888888888888889,0.0,9,0
2564,9cf787a239c1aa29dbd76f153dc13f9a,316.0,4,4,79.0,4.75,0.0,4,0
1437,a9415cf907dfa12f9ed18693244f5329,210.0,1,2,210.0,5.0,0.0,1,0
190,ef728fa1f17436c91ed1ccd03dcf9631,128.7,3,4,42.9,4.333333333333333,0.0,4,0
867,8ea394aed8138685abe1eb9f25e1021d,1340.0,2,2,670.0,4.0,0.0,2,0
2414,d379f449f2a3b271bc01c0782020f705,4423.06,28,29,157.96642857142857,3.8076923076923075,0.0,28,0
2870,9add47bf45ce8e8c7db6b9cf670b1e09,4829.24,43,45,112.30790697674419,4.166666666666667,0.023255813953488372,43,0
554,9c57bc60cfad5ee62d35d3f1ce4593a1,180.0,1,1,180.0,1.0,0.0,1,0
2491,b906dd0e57f282c7089171b6ed07982e,175.0,2,2,87.5,4.0,0.0,2,0
2846,e64ddbe1cbcf4f2fc3092b7c481f3f9d,20.9,1,1,20.9,5.0,0.0,1,0
2595,979e9f8b5b39dd243a2550c8b05aecf0,525.0,3,4,175.0,5.0,0.0,3,0
424,817245bcc3badd82bbd222e0366951a6,5580.5,29,45,192.43103448275863,3.980769230769231,0.0,27,0
2809,f410c8873029fcc3809b9df6d0b28914,289.8,2,2,144.9,5.0,0.0,2,0
2094,2c54051840f19eca309a5423cf22df36,23.7,2,2,11.85,4.5,0.0,2,0
2438,02c988090b766852e088c69d7fb3b551,1618.65,13,17,124.51153846153846,4.583333333333333,0.0,13,0
2758,8ab42aa58097fd4668d60cc648225d5f,2616.75,20,26,130.8375,4.2,0.0,22,0
2443,6a8b085f816a1f75f92dbac6eb545f8f,6018.97,127,135,47.39346456692913,4.204554455445544,0.0,125,0
670,0336182e1b3e92f029d5354832045fdf,29.8,1,2,29.8,2.0,0.0,2,0
1933,59b22a78efb79a4797979612b885db36,27184.5,125,133,217.476,3.976831683168317,0.0,125,0
309,4ef4c39cf3c24f326434cf0b2e48046a,891.0,8,9,111.375,3.375,0.0,8,0
1612,257e61d3251fb5efb9daadddbc2cf7ca,7729.0,12,12,644.0833333333334,4.7,0.0,12,0
1854,6061155addc1e54b4cfb51c1c2a32ad8,15633.4,28,33,558.3357142857143,4.7105263157894735,0.0,29,0
509,aafe36600ce604f205b86b5084d3d767,9251.4,129,131,71.71627906976744,4.393423423423424,0.0,124,0
1366,5a9c0859cb00fd8aa4db443837f0a700,208.0,2,2,104.0,4.5,0.0,2,0
2423,df56d7b40d437f88407c5f78b63bc328,2791.28,22,25,126.87636363636364,4.123529411764706,0.0,20,0
1067,e5bd51692380fd8cabb19b756b95e714,119.7,3,3,39.9,2.3333333333333335,0.3333333333333333,3,0
156,198c7ea11960a9844b544d9bcdca860c,1733.75,25,25,69.35,3.9047619047619047,0.0,21,0
1599,ce616e1913288884e7742faac9d981db,365.1,15,24,24.34,4.428571428571429,0.0,15,0
1408,6e386f64c84e482f0b9abf960797ee1b,12938.3,30,30,431.27666666666664,4.565217391304348,0.0,28,0
2463,5795aebfe331fbcd02a2c4b679fb7952,1280.0,6,6,213.33333333333334,4.1,0.0,5,0
2392,83b08de96980757220871b31bf6cffca,1304.17,5,7,260.834,4.0,0.0,5,0
475,4b98b0428fc1932cc2514ef9ce2505e6,327.63,2,2,163.815,2.0,0.0,2,0
641,c7dcd301ecfe5ab7f778ac172cf74be7,457.69,4,4,114.4225,2.0,0.0,4,0
2783,fb89df7f89fd1b8f03fa2acca1ba7364,2220.0,22,25,100.9090909090909,3.8,0.0,22,0
1475,eb72802c83dc7547529c9546d1a9b8ef,1063.92,8,8,132.99,4.625,0.0,8,0
2981,ae8bfdbf1c2a2a2dee92d799db0a31c6,339.92,8,8,42.49,4.214285714285714,0.0,8,0
888,0ffa40d54288e4f3499b8780dd0f144f,2162.8,33,35,65.53939393939395,4.462962962962963,0.0,33,0
282,980640c45d7a4635885491d077167e4d,1004.29,14,14,71.735,4.636363636363637,0.0,14,0
1235,5962468f885ea01a1b6a97a218797b0a,791.0,8,9,98.875,4.0,0.0,8,0
1604,2a61c271b1ac763450d846849783e922,1516.76,18,23,84.26444444444445,4.055555555555555,0.05555555555555555,18,0
502,820cc752a266cdc6c1a1e61dd4583330,2802.8,15,15,186.85333333333332,4.133333333333333,0.0,15,0
1872,1b8b75e227c9a9c100d0c210fb6176ce,1914.83,19,19,100.78052631578947,3.2777777777777777,0.05263157894736842,19,0
117,4ba52dfeba874da5b9ee7b17c7494f04,1463.0,11,11,133.0,4.363636363636363,0.0,11,0
2523,968268a686aa05d1f529fb07dff08130,4677.29,12,12,389.77416666666664,3.590909090909091,0.0,12,0
40,cecd97bc34ed8330bd4cd15713eda670,57.99,1,1,57.99,1.0,0.0,1,0
2394,cf1313c6e2c01c2f4b014f97db4bcd2b,315.7,5,5,63.14,5.0,0.0,5,0
257,730937bf88cb151eb2eb849f642fc213,2821.2,22,26,128.23636363636365,4.470588235294118,0.0,17,0
2434,f6122bc84774df1b372bdb3bb88ddb9f,4799.87,3,3,1599.9566666666667,3.6666666666666665,0.0,3,0
1122,7df1fc11cc5cbc518b39faa60cf5d67c,1037.6,5,5,207.52,4.2,0.0,5,0
1485,b05b432bf68945d4d9783f9e3ca29ee8,224.8,2,2,112.4,4.5,0.0,2,0
2657,59fb871bf6f4522a87ba567b42dafecf,21708.57,126,128,172.2902380952381,4.211145833333333,0.0,113,0
1166,ede2977fbaf3738583170735ca403f6c,289.9,1,1,289.9,5.0,0.0,1,0
1258,c731d18cea9bf687ffee82a241c25b11,3662.0,24,26,152.58333333333334,4.181818181818182,0.0,24,0
1637,43402bdf22aa2310e8f99e2f94f78628,649.95,4,5,162.4875,2.6666666666666665,0.0,4,0
2300,6bbcb8924baf70b7fe2fe2097e8cd407,2382.5,10,11,238.25,4.5,0.0,10,0
2984,95e03ca3d4146e4011985981aeb959b9,11009.96,175,193,62.914057142857146,4.026946564885496,0.0,168,0
2115,082e0bf4cb865a6533b1e8e498cc0255,2073.3,11,23,188.48181818181817,3.2727272727272725,0.0,18,0
914,4965a7002cca77301c82d3f91b82e1a9,8.49,1,1,8.49,5.0,0.0,1,0
1519,87f3e35268860433e13d577825aada95,161.7,3,3,53.9,1.0,0.3333333333333333,3,2
728,1d1bbb8ac1581824986f582583fff01d,166.88,4,4,41.72,3.5,0.0,4,0
2993,b90e891671cffd9557f33a97dc523645,4449.0,34,39,130.85294117647058,4.3125,0.0,34,0
1150,f9a02f1922d1de564392e656d82b3fda,125.9,1,1,125.9,4.0,0.0,1,0
2547,527801b552d0077ffd170872eb49683b,17942.8,90,92,199.36444444444444,4.470128205128205,0.0,89,0
2992,fa40cc5b934574b62717c68f3d678b6d,16055.87,307,340,52.29925081433225,4.437556561085973,0.003257328990228013,309,3
1119,09bad886111255c5b5030314fc7f1a4a,487.5,5,5,97.5,5.0,0.0,5,0
506,8bb48dc19fccaa8613b6229bf7f452a2,4190.72,82,95,51.10634146341464,4.456376811594203,0.0,86,0
1501,01fd077212124329bac32490e8ef80d9,1208.0,31,39,38.96774193548387,4.166666666666667,0.0,28,0
331,7d456afc660226829370f3173d14520c,8338.25,56,91,148.89732142857142,4.348846153846154,0.0,68,0
1578,dd39ad39b5d3df33037e141c72497ba6,135.8,2,2,67.9,5.0,0.0,2,0
599,16bdc8cefd0e32a6f0824d296c5ad14a,41.76,1,1,41.76,5.0,0.0,1,0
913,5236605f4d4b0b3e4df85b850393fca0,265.3,5,5,53.06,4.8,0.0,5,0
2655,e9bc59e7b60fc3063eb2290deda4cced,34343.06,216,269,158.99564814814815,3.998791946308725,0.004629629629629629,184,3
1468,21d59342ba150175ca2aa4f8faddeca6,259.9,2,2,129.95,4.5,0.0,2,0
2291,8e8a7ce9f2f970dc00e2acf6f6e199f6,9101.0,65,66,140.01538461538462,3.980769230769231,0.0,60,0
2146,7008613ea464bad5cb9b83456e1e6a8f,7777.0,127,156,61.23622047244095,4.263125,0.0,122,0
2867,5e063e85d44b0f5c3e6ec3131103a57e,22.9,1,1,22.9,5.0,0.0,1,0
2071,2b5ed0c9139dae8883a200dfcb272ece,85.41,4,4,21.3525,4.166666666666667,0.0,3,0
1464,9bade61a92bed55a25d2b67b9f4ed739,117.68,2,3,58.84,3.0,0.0,2,0
1486,8bd0e3abda539b9479c4b44a691be1ec,596.55,7,13,85.22142857142858,1.4,0.0,7,0
1461,cc80e2f693fa6e2408f47ccf62413fc1,420.0,2,2,210.0,4.0,0.0,2,0
1525,271c58a1d139c45eaf3316107c6d3a3b,3897.52,29,29,134.39724137931034,3.9318181818181817,0.0,24,0
2735,9c3a1c416c765687bc79a04113269929,74.9,1,1,74.9,1.0,0.0,1,0
2821,06532f10282704ef4c69168b914b77be,10220.5,8,9,1277.5625,4.25,0.0,9,0
2765,da7039f29f90ce5b4846ffc0fcc93beb,1259.1,17,18,74.06470588235294,4.5,0.0,16,0
698,fa74b2f3287d296e9fbd2cc80f2d1cf1,2459.89,11,11,223.62636363636364,2.15,0.0,11,0
2814,29fe9f200d3fa0c668d2aa1ec7e08dfb,400.0,5,5,80.0,4.0,0.0,5,0
2910,2a50b7ee5aebecc6fd0ff9784a4747d6,199.8,1,2,199.8,1.0,0.0,1,0
466,880ce4951cf857ab1d9e0b75c1d856f4,178.9,1,1,178.9,5.0,0.0,1,0
2568,6f892e20a171e98efe17fdb971ff319b,6438.7,44,53,146.33409090909092,3.8683870967741933,0.0,36,0
2853,4867209cb29b56b92893d7bde3ce8012,150.0,1,1,150.0,4.0,0.0,1,0
201,870d0118f7a9d85960f29ad89d5d989a,3157.2,45,61,70.16,3.9546153846153844,0.0,49,0
2643,ad781527c93d00d89a11eecd9dcad7c1,6899.57,44,44,156.8084090909091,3.230769230769231,0.022727272727272728,41,0
1617,ff82e8873fba613f2261a9acc896fd84,124.6,4,4,31.15,3.5,0.0,4,0
2439,389e45560e33d2d0747f949dcddbc08e,39.0,1,1,39.0,5.0,0.0,1,0
2176,154bdf805377afea75a3bd158e9eab10,89.9,1,1,89.9,1.0,0.0,1,0
1201,aadfe0417e61315688b6bd7043361e25,289.9,1,1,289.9,4.0,0.0,1,0
2059,0ff83046c3fa22efee8ecf291888b191,768.9,10,11,76.89,4.8,0.0,10,0
2734,3a3e46d10f74d8a6ca76e2b538f106a0,334.9,3,6,111.63333333333334,3.3333333333333335,0.3333333333333333,3,0
1314,674207551483fec113276b67b0d871ff,119.9,1,1,119.9,5.0,0.0,1,0
1778,fedf2c1386e137f296b3bbf3b635e69d,131.74,2,5,65.87,3.5,0.0,2,0
1196,33fd411ed63a7c2f9005e3f065d9f85d,24.9,1,1,24.9,4.0,0.0,1,0
2265,f5403d3f50089112c4eed37928b7f622,190.8,2,2,95.4,1.0,0.0,2,0
446,1336efc61c316ddf92c899eb817f7cae,4837.31,74,85,65.36905405405406,4.0144927536231885,0.0,74,0
749,4170f6a9367e6b5d6401d03ce6d54569,568.78,4,5,142.195,4.0,0.0,4,0
86,7c1fea10b5b006671d608b1d7c446ec4,423.6,14,14,30.257142857142856,4.0,0.0,14,0
2307,14d7985702e72162bbf13b6beb74ab2b,3887.0,37,38,105.05405405405405,4.367647058823529,0.0,38,0
920,7ecef8194babfec876ca720714327841,990.5,7,8,141.5,4.285714285714286,0.0,7,0
2229,93b9a99027bd8bd6af682aff18dd19bf,1953.0,20,21,97.65,4.052631578947368,0.0,21,0
1843,cbd996ad3c1b7dc71fd0e5f5df9087e2,8411.04,165,196,50.976,4.175333333333334,0.0,159,0
1058,dd5450b022b2d00a2145a66331e1aef6,59.0,1,1,59.0,5.0,0.0,1,0
219,1976a05ecf2996d6ffb7b5430e635fe7,1796.2,8,9,224.525,3.875,0.0,8,0
2618,fadb07c842a2aef5d5a676b85f220e71,398.75,7,7,56.964285714285715,4.714285714285714,0.0,7,0
2524,657969cca82e884d272385ec0ef06edd,139.7,3,3,46.56666666666667,4.666666666666667,0.0,3,0
231,5a32c398a06c345440bf2a683b017ad3,79.8,2,2,39.9,3.0,0.5,2,2
1213,6e1862e15f33d9994bc25922a85e1efc,732.49,8,14,91.56125,4.428571428571429,0.0,8,0
873,4e6015589b781adaa5ce7f1892d06bb1,684.0,3,3,228.0,3.6666666666666665,0.0,3,0
1803,87d30a6a0cbf89356e49324971ab1d24,2134.13,17,17,125.5370588235294,4.3125,0.0,17,0
1505,f8f35af4634605e6693c17cc3ffff5a8,90.0,1,1,90.0,5.0,0.0,1,0
414,a0415d9b25ede3c4b1e477e9916ffc03,4044.1,10,10,404.41,3.9,0.0,10,0
1311,1f9ab4708f3056ede07124aad39a2554,13602.73,78,79,174.39397435897436,4.074324324324325,0.0,77,0
640,fedaedd3ca31d56ab33e92035e4b361c,39.9,1,1,39.9,4.0,0.0,1,0
1053,ce4755084bc097113867e6454f8f5e52,18.9,1,1,18.9,5.0,0.0,1,0
1452,4091f77d8c768fc3e81c20761471761d,1079.0,8,8,134.875,2.75,0.0,8,0
2917,e7df4cd29ab5abab70fb0783ddb53987,9608.7,23,24,417.7695652173913,4.285714285714286,0.0,24,0
2774,28c7d8743fbc8679f484868cc0fcaefb,201.5,3,3,67.16666666666667,5.0,0.0,3,0
735,5b664594895aefb418afaee6d40a9a23,1008.8,16,22,63.05,3.9,0.0,15,0
2672,fe87f472055fbcf1d7e691c00b1560dc,1085.8,6,6,180.96666666666667,4.5,0.0,4,0
1813,4de6e4ba574aa9dfdc824bc44dc47fdd,451.1,14,14,32.22142857142857,4.0,0.0,14,0
166,83645b1645cdee8953ee54c29ceed564,978.9,14,14,69.92142857142858,4.428571428571429,0.0,14,0
1846,972d0f9cf61b499a4812cf0bfa3ad3c4,8089.29,83,88,97.46132530120482,2.947142857142857,0.0,81,0
1648,c1d1ebb4745cc43cb6f05e9c8a705c9a,34.5,3,3,11.5,2.3333333333333335,0.6666666666666666,3,2
3072,3e35a8bb43569389d3cebef0ce820f69,55.8,1,2,55.8,5.0,0.0,1,0
2045,08ad4ac1388e4420ca531c3edfc46198,221.62,6,7,36.93666666666667,2.6,0.0,6,0
2529,e0a3c37054ade6478d923a6efc10f308,219.8,2,2,109.9,5.0,0.0,2,0
410,17ca9b9e9b9ef8fdb529001b49ebb50f,9754.83,116,129,84.09336206896552,4.058613861386139,0.0,116,0
3005,69b5eaa096c3f9d1e5c398c597f567d6,938.0,2,2,469.0,5.0,0.0,2,0
2211,240b9776d844d37535668549a396af32,13592.08,36,36,377.5577777777778,4.071,0.0,30,0
2189,1cd9e0cc1839d55516843def5600816d,825.0,5,5,165.0,5.0,0.0,4,0
2011,391bbd13b6452244774beff1824006ed,127.8,2,2,63.9,1.0,0.0,2,0
1381,430315b7bb4b6e4b3c978f9dfa9b0558,3118.4,20,21,155.92,4.15625,0.0,20,0
2044,ffc470761de7d0232558ba5e786e57b7,1649.01,28,31,58.893214285714286,4.4,0.0,29,0
381,84c945f15571830c1a91a33978e94009,51.98,2,2,25.99,4.5,0.0,2,0
597,800214c63934acd05d47e84214db8ba8,259.6,4,4,64.9,5.0,0.0,4,0
1291,3bb32fedaa74e4ad20f4ce067733bd31,103.7,2,3,51.85,4.5,0.0,2,0
193,612170e34b97004b3ba37eae81836b4c,23065.02,107,110,215.56093457943925,4.423191489361702,0.0,90,0
1012,20d53aad4fe5ee93a64f8839609d3586,51.9,2,2,25.95,2.5,0.0,2,0
1435,4d6fb82c629c7a5028bfd973c07b05e0,278.0,2,2,139.0,2.0,1.0,2,2
730,821fb029fc6e495ca4f08a35d51e53a5,19187.42,28,29,685.265,3.3461538461538463,0.03571428571428571,27,0
548,a353b1083c9863d756d9404695016d64,120.0,1,1,120.0,5.0,0.0,1,0
3045,57fe6232e67823593374a2281d7a8af8,178.68,8,8,22.335,4.714285714285714,0.0,8,0
1087,8fec2e460530482132c436cfb5439925,468.46,3,5,156.15333333333334,4.333333333333333,0.0,3,0
1769,bba3293d6f5d5af2f415e004e8b93ae3,11702.1,17,17,688.3588235294118,4.392857142857143,0.0,14,0
1457,9e6967d3cf386d284251784b18ccb485,517.67,9,11,57.51888888888889,3.888888888888889,0.0,9,0
47,db2956745b3a8e9f3785c99f34b5d25e,8599.0,47,48,182.95744680851064,3.75,0.0,44,0
709,d25aa0aaacb370e912f8cf6efeba38b3,2658.45,17,21,156.37941176470588,4.470588235294118,0.0,17,0
1635,2bf6a2c1e71bbd29a4ad64e6d3c3629f,50628.9,30,31,1687.63,4.155172413793103,0.0,31,0
1902,37be5a7c751166fbc5f8ccba4119e043,55350.55,272,281,203.49466911764705,4.351228070175439,0.0,174,3
886,66d5ae34537110d3affc56174dad2b2f,33.81,1,3,33.81,1.0,1.0,1,2
177,5659d77e8d90378e39b960ad5956f64e,182.48,2,2,91.24,2.5,0.0,2,0
2180,9e25199f6ef7e7c347120ff175652c3b,12.5,1,1,12.5,4.0,0.0,1,0
1105,a1474fd46fd3430168f7ec202da39408,2752.5,12,14,229.375,4.333333333333333,0.0,12,0
727,83d458c0d6d4f94295d63f091460bd60,89.9,1,1,89.9,5.0,0.0,1,0
2665,5f1dc28029d2c244352a68107ec2b542,2807.3,62,78,45.27903225806452,4.425535714285714,0.0,63,0
2430,b5dd7151a92ccaaa282cbe9681a05f44,85.0,1,1,85.0,5.0,0.0,1,0
2001,42b6488f5b8246d9141712abd4b1b693,247.99,2,2,123.995,4.0,0.0,2,0
1405,0dd184061fb0eaa7ca37932c68ab91c5,18446.92,161,193,114.57714285714286,4.0419230769230765,0.0,145,0
810,2fdde51ad3e12f297da656d4fbd5d0b5,6252.0,10,10,625.2,4.7,0.1,10,0
2856,1eade46fba20122dc4aefb379f8c636b,3635.37,58,75,62.67879310344828,4.418367346938775,0.0,58,0
2101,784ba75dd9d20200c4caed3d7a77141a,8295.13,21,24,395.00619047619045,3.857142857142857,0.047619047619047616,21,0
1231,bede56095ba33c42038fb85f707b8a42,3973.9,2,2,1986.95,4.5,0.0,2,0
2710,59de1d4c8c057c2a53acd4ca66531af2,135.0,1,1,135.0,5.0,0.0,1,0
1276,5b925e1d006e9476d738aa200751b73b,7748.5,63,63,122.9920634920635,4.546875,0.0,60,0
2849,38102b031c2a15e54623d711bfc753d3,457.0,9,11,50.77777777777778,3.5,0.0,9,0
110,d8cf3b6a2151949f930d0252b180ec42,623.7,6,19,103.95,3.5,0.0,6,0
1117,07e8e8fc5222bb358e6f259da3197074,51.8,2,2,25.9,4.0,0.0,2,0
2897,a9ae440659f48b7849df83e82734150b,285.0,1,1,285.0,5.0,0.0,1,0
1710,97e995629983723d11830a829bc2b246,499.5,5,5,99.9,4.8,0.0,5,0
145,6338ea67c41078a46ad99cc009654956,2286.09,37,44,61.78621621621622,4.6,0.0,38,0
557,282c7480173bb9c01dd41cc739fec010,4274.2,5,8,854.84,3.6666666666666665,0.0,7,0
485,557f22c76691849db52d2abccf0015d0,865.86,13,14,66.60461538461539,3.1363636363636362,0.07692307692307693,12,0
1439,bc2ac6b95e1accce9858528ee566c17e,2045.0,18,22,113.61111111111111,4.555555555555555,0.0,21,0
2552,537eb890efff034a88679788b647c564,4679.7,160,173,29.248125,4.214661016949153,0.0,157,0
1388,0d85bbda9889ce1f7e63778d24f346eb,4845.2,51,58,95.00392156862745,4.186046511627907,0.0,48,0
1081,5075aaa8404020ae6aa8bf4792099b41,1822.8,13,23,140.2153846153846,3.5833333333333335,0.07692307692307693,13,0
2976,933446e9a59dece7ae9175103820ca8f,381.39,2,3,190.695,3.0,0.0,2,0
1315,e76ecc7e9a1a1e3c6df9d2a8261c423d,20.0,1,1,20.0,5.0,0.0,1,0
2763,10089e9f2fd0c668a8fd4e52e1698888,1139.9,3,3,379.96666666666664,4.333333333333333,0.0,3,0
1102,d558ebe531605a1285ab2b1bc3256dfb,709.0,3,3,236.33333333333334,4.666666666666667,0.0,3,0
2915,0f519b0d2e5eb2227c93dd25038bfc01,79.9,1,1,79.9,5.0,0.0,1,0
2106,76833248bbc0e65a0293ec62023e4396,2399.98,2,2,1199.99,5.0,0.0,2,0
2687,ad75519a07f039025e83795a4418470f,302.1,3,9,100.7,3.6666666666666665,0.0,3,0
1453,8b2492b7ff4468839593fafeed55bad9,3660.08,29,45,126.20965517241379,4.172413793103448,0.0,29,0
1198,4ddeb3e828550cddc8d45c8bc36ab2d1,152.0,1,1,152.0,5.0,0.0,1,0
2818,52092ddbd3a58c450a4459bf051b2287,351.7,6,6,58.61666666666667,4.333333333333333,0.0,6,0
341,f682e0f848abafc6f41e0d4e868c66ef,269.98,2,2,134.99,3.5,0.0,2,0
2017,1e9d5a33694bddb76316fd1f54734d20,318.0,2,2,159.0,4.5,0.0,2,0
1506,f615fe7efbef0f4f08fd3086bc7a3e60,2359.27,23,24,102.57695652173913,4.25,0.043478260869565216,23,0
2747,2646baaf662d4d92ac48f047e35db92d,1263.05,15,18,84.20333333333333,4.428571428571429,0.0,15,0
2241,b33aaadd1a8891d2dfef0c4c3bdf0371,1504.0,16,17,94.0,3.9375,0.0,16,0
170,89f69225956f951295ca4c7fb1266553,1041.3,11,12,94.66363636363636,4.2727272727272725,0.0,11,0
1195,b76a1f8356322f12529c37b67d5c96c2,298.5,5,5,59.7,4.8,0.0,5,0
2361,ca3bd7cd9f149df75950150d010fe4a2,9731.85,71,138,137.06830985915494,3.9714285714285715,0.014084507042253521,78,0
712,1dd33b8119b3cb1056ed5dc88cd0aaf4,1513.0,8,8,189.125,3.75,0.0,8,0
192,b19c48688808720822399ffa9f2dbe2f,959.99,1,1,959.99,5.0,0.0,1,0
1174,6c7d50c24b3ccd2fd83b44d8bb34e073,8699.34,114,128,76.31,4.336781609195402,0.008771929824561403,106,0
1696,cc419e0650a3c5ba77189a1882b7556a,104288.42,1706,1775,61.13037514654162,4.131946169772257,0.005275498241500586,1363,1
513,5b85809efd0d0e4dea1a9544e1280ed9,1804.6,12,14,150.38333333333333,4.25,0.0,12,0
1740,b026643914f651e8371425e5b8a1e780,27.9,1,1,27.9,5.0,0.0,1,0
101,3da38366e7bd9baf6369071f782ecdf0,59.47,1,1,59.47,1.0,0.0,1,0
473,d624126b9206f595fb3fbb6ba03b28a8,7198.8,23,28,312.9913043478261,4.318181818181818,0.0,23,0
2170,2dcf93836ae3ce0d7c93e2f10876467a,1443.8,9,12,160.42222222222222,4.125,0.0,10,0
1824,88ef59b51bdaa941d10a853429f2b6ce,252.9,2,2,126.45,2.0,0.0,2,0
1575,1d4587203296c8f4ad134dc286fa6db0,2323.3,42,43,55.31666666666667,4.254722222222222,0.0,43,0
415,b080809eaacb49e5ca07290981472431,424.0,11,11,38.54545454545455,4.818181818181818,0.0,11,0
2415,a21c11ec5c3f03e7cc9f9203bff9e1c6,385.0,3,4,128.33333333333334,3.6666666666666665,0.0,3,0
2131,3d68c634a99a1ba46dbca3967a69c623,594.0,2,2,297.0,5.0,0.0,2,0
1835,7f152321c60a266edc53af1925ef96c1,3919.8,20,20,195.99,3.8,0.0,20,0
1376,00d8b143d12632bad99c0ad66ad52825,86.0,1,1,86.0,5.0,0.0,1,0
1365,b98b715fe9e276204e2a3464f48cd796,450.58,6,6,75.09666666666666,3.3333333333333335,0.3333333333333333,6,0
1897,78ba5933c21686d1c2f64669c8c459e7,191.8,2,2,95.9,4.25,0.0,2,0
2985,4cc4fd4fdd406a85bbdc1f824b731bd7,539.98,1,2,539.98,5.0,0.0,1,0
689,3985a3c45be355a4c57fde108bfabd1c,344.2,7,8,49.17142857142857,4.0,0.0,8,0
2272,df91910b6a03bb2e3358fa6a35e32f6f,2312.1,14,14,165.15,4.357142857142857,0.0,14,0
522,fe2032dab1a61af8794248c8196565c9,65959.61,294,306,224.35241496598638,4.4274,0.0,281,3
1806,3df020b72d3d44b3af9d110fa3940b65,5039.9,55,101,91.63454545454546,4.09795918367347,0.0,54,0
674,ad14615bdd492b01b0d97922e87cb87f,8.25,1,1,8.25,5.0,0.0,1,0
630,ececbfcff9804a2d6b40f589df8eef2b,6792.4,98,104,69.31020408163265,4.107682926829268,0.0,104,0
1704,44ed138eca6214d572ce1d813fb0049b,129.79,2,3,64.895,4.5,0.0,2,0
575,eb4a59a06b3948e851a7d7a830bcbc42,64.0,2,2,32.0,3.0,0.0,2,0
1723,dfc5fb7259bb2b599ca565e6e9448f0f,6124.63,33,34,185.59484848484848,4.125,0.0,34,0
2496,bf00385a5f7fc1ef39a13c2e9ee50a5f,870.3,29,29,30.010344827586206,4.4932,0.0,29,0
401,1dcfa3835714681d4ba4a93bc1e0fd41,1278.5,13,15,98.34615384615384,3.909090909090909,0.0,13,0
1492,2199e7fe213c16213bf5d6a7eadc9a5d,4078.29,25,31,163.1316,4.24,0.0,25,0
2043,9539213aa8e023c01937bef95dc006da,229.1,9,9,25.455555555555556,4.555555555555555,0.0,9,0
2191,9fe7c6641c79970ab48185498f547c09,130.0,1,1,130.0,5.0,0.0,1,0
2061,febab0275244b9a49a623f0bd613ca2f,7272.42,109,129,66.7194495412844,4.395257731958763,0.0,109,0
1456,5dc203c7b84a0e71e878a179de05fb9a,421.9,5,5,84.38,4.0,0.0,5,0
1701,7bcd7c5f8631701474db233ccf1c094b,666.0,11,11,60.54545454545455,3.6,0.18181818181818182,11,0
1483,a4bd6e9adf39b63f43dc545d3ca1f53d,1848.59,4,5,462.1475,4.5,0.0,4,0
2613,99a25c39b28a74d1151c35c18d178292,173.94,1,6,173.94,5.0,0.0,1,0
739,5058e8c1e82653974541e83690655b4a,10022.82,63,78,159.09238095238095,3.038627450980392,0.0,63,0
1094,e9874ae10b2d60d43917b6bbfa13a599,199.0,1,1,199.0,5.0,0.0,1,0
1948,344223b2a90784f64136a8a5da012e7f,10.9,1,1,10.9,2.0,0.0,1,0
1110,0509040ea3fe50071181bbc359eb7738,3737.95,89,98,41.99943820224719,4.467638888888889,0.0,86,0
716,aa762680c40618316a896838866140ea,261.0,3,3,87.0,3.3333333333333335,0.0,3,0
1743,3ca08eeb8d5595949fed424bd3677742,1768.87,14,14,126.34785714285714,4.461538461538462,0.0,13,0
741,e7f3bf1ecd8526eb7f3b18059e6716e5,1471.54,18,19,81.75222222222222,4.533333333333333,0.05555555555555555,18,0
543,b8d890108a7a80e4f5d59eea9f362438,89.7,2,3,44.85,3.5,0.0,2,0
897,76623fde66e6b63b59440fd34160512d,65.4,3,3,21.8,4.0,0.0,3,0
1562,791cfcfe22fe4a771ece27f90017da92,596.26,2,2,298.13,1.5,0.0,2,0
1473,4049512728d969bec69f84088b012416,389.84,7,9,55.691428571428574,5.0,0.0,7,0
1130,aae3bfea055532c57fb453ed3ec80b30,3057.92,48,50,63.70666666666666,3.608695652173913,0.0,48,0
85,897060da8b9a21f655304d50fd935913,23023.92,317,430,72.63066246056782,3.7127551020408163,0.0031545741324921135,309,3
281,8d899e15a5925f097cca50faa49b15e3,645.0,4,10,161.25,3.75,0.0,4,0
1440,ac3508719a1d8f5b7614b798f70af136,12775.84,103,104,124.03728155339806,4.596829268292683,0.0,100,0
687,ea1776927851da2532aa70d6a32c095a,318.8,3,3,106.26666666666667,2.6666666666666665,0.3333333333333333,3,0
2848,7994081388d55b9cf976c050653dd359,1020.0,2,6,510.0,3.0,0.5,2,2
2136,92c8bc6e8f925792247656fed09aad65,259.7,3,3,86.56666666666666,2.3333333333333335,0.3333333333333333,3,0
2245,dde698c6d0bd24834c586e5111c2bba7,155.9,1,1,155.9,5.0,0.0,1,0
2788,7caa63f175b1cecbfaadd8b5ab9998c7,39.8,2,2,19.9,2.0,0.5,2,2
2663,58b98ccb79873e04eac4357cacc590d9,23.0,1,1,23.0,1.0,1.0,1,2
2662,2745f798279e0ed033addcc1474776d7,3668.53,32,32,114.6415625,3.982142857142857,0.0,32,0
2798,2cb4700db635baa1c0d4f90ed27b6669,199.8,2,2,99.9,2.0,0.0,2,0
2294,499ec63c58e51296c9cf57edcfe1c8a8,365.0,5,5,73.0,4.8,0.0,5,0
2457,3f3486b61f45078d4f31ee5e43d8c5bb,3829.73,40,40,95.74325,4.3108108108108105,0.0,39,0
21,7238a95bb63ef7e498389fb863b834a1,2265.7,15,15,151.04666666666665,4.714285714285714,0.0,14,0
2728,98115075dd26cb8835946fc6086f5d30,434.96,4,4,108.74,4.75,0.0,4,0
288,e601b04acf48b4576e73ddca9481f0dc,491.94,15,16,32.796,4.230769230769231,0.0,15,0
2324,670c26e0f1bf8d0576271d5cfaec6d2b,6341.6,78,87,81.3025641025641,4.2109375,0.0,71,0
2119,cb5ff1b9715e99589f3e0c7a6afab9e3,85.0,4,4,21.25,4.166666666666667,0.0,3,0
1814,7fc87cc3e89b3d1d5cabdca32f8485aa,2153.9,14,14,153.85,3.6153846153846154,0.0,14,0
622,e24fc9fcd865784fb25705606fe3dfe7,12936.0,52,56,248.76923076923077,4.119565217391305,0.0,51,0
1765,080199a181c46c657dc5aa235411be3b,14504.2,79,83,183.5974683544304,4.611159420289855,0.0,82,0
1027,ba90964cff9b9e0e6f32b23b82465f7b,44212.5,38,38,1163.4868421052631,4.402777777777778,0.0,37,0
1479,53243585a1d6dc2643021fd1853d8905,222776.05,358,410,622.279469273743,4.2130872483221475,0.0,248,3
1593,0a82f5fb06a4fe4ac2cf7cb412ec71b8,462.0,2,2,231.0,5.0,0.0,2,0
1926,72c5da29406b4234927b81855e7b64f6,11798.69,31,31,380.6029032258065,4.173076923076923,0.0,31,0
1832,23c38debaffe4a25a30fdbd9b586a13f,5382.18,41,46,131.27268292682928,4.307878787878788,0.0,40,0
2880,b57e8460909fa137df7951b4a3b5ea84,198.0,1,2,198.0,2.0,0.0,2,0
635,23d7c96d4a1160db1c726b248601b25a,11766.94,53,55,222.0177358490566,3.7659574468085104,0.05660377358490566,53,0
2893,296729ffb9b684050dd24836dac4494a,114.0,2,2,57.0,5.0,0.0,2,0
1672,8a9260f2b0340411d6d2a56bcf4f7378,1256.0,8,9,157.0,4.785714285714286,0.0,7,0
388,32f83ffe11cd40f7adcf4eef171f52d9,29.99,1,1,29.99,5.0,0.0,1,0
151,61c36f0fc4a47f9532e5512b66668e62,750.0,1,1,750.0,1.0,0.0,1,0
1346,a1bea7061f61f6fdd9a85a6325ba1033,810.95,9,9,90.10555555555555,4.444444444444445,0.0,9,0
2378,a37c340b91cb0169e8b029db6440fba2,345.0,5,5,69.0,4.8,0.0,5,0
2252,e48cc16ab70bfa09e1401740dce0b3d7,1084.83,14,17,77.48785714285714,3.5714285714285716,0.0,14,0
3021,7cf4ea70955b00d6b3c22542598e2715,189.9,1,1,189.9,5.0,0.0,1,0
620,33a17d60c64393351ebf1ef860f4e0f2,8152.48,43,47,189.59255813953487,4.621951219512195,0.0,42,0
2753,4c1c7281388a33dd06daac44f9fadbd1,188.32,5,5,37.664,4.8,0.0,5,0
2717,4be6b962d83299498bae2190f95d6566,508.8,11,12,46.25454545454546,4.1,0.0,11,0
2838,b1ac6ea7895bc3dd6f0f6f4abbdd2821,3139.0,40,41,78.475,4.351351351351352,0.0,40,0
205,c240c4061717ac1806ae6ee72be3533b,59.9,1,1,59.9,4.0,0.0,1,0
2029,e883aa812c37a7413226856f4579fe91,4097.1,26,29,157.58076923076922,4.132083333333333,0.0,25,0
67,4a3ca9315b744ce9f8e9374361493884,200472.92,1806,1987,111.00383167220376,3.8687429643527205,0.0011074197120708748,1606,1
2085,4c8b8048e33af2bf94f2eb547746a916,2020.73,23,27,87.85782608695652,3.0526315789473686,0.17391304347826086,26,0
325,c66dccfb3f109511246da627dd5a2498,12708.55,45,45,282.4122222222222,4.535714285714286,0.0,45,0
895,20611af7866c6068fd5ae1f9dbe15c92,219.8,2,2,109.9,4.5,0.0,2,0
673,dc4a0fc896dc34b0d5bfec8438291c80,24180.77,231,249,104.678658008658,3.774404761904762,0.0,238,3
1377,7c462184585ae80bd6e5774c62ce50f2,60.0,1,2,60.0,3.0,0.0,1,0
2084,e4f121bf6ef8b9a1d4d3e65dd0473fab,70.0,2,2,35.0,3.0,0.0,2,0
2066,f00e21b1e91a79653163b7fd8f293ff1,3900.09,31,31,125.80935483870968,4.206896551724138,0.0,31,0
2383,7315baebc0572ff220d226283dc66728,49.85,2,2,24.925,4.0,0.0,2,0
2086,7f40d06aa0b5f1aa4f41af8c0480e2ef,1309.94,6,6,218.32333333333332,4.833333333333333,0.0,6,0
1638,8f0fbe2cd4d472157dc1cdef6edecaa9,71.88,2,2,35.94,3.0,0.0,2,0
783,8c351ed7c326c62123318f4f3246e906,114.9,2,2,57.45,5.0,0.0,2,0
1794,6861de0f40cacb0602e473c51639f980,674.0,5,8,134.8,3.6,0.0,5,0
2874,fc4751cfe3b279c419615b9b00c1abb4,453.7,1,1,453.7,5.0,0.0,1,0
334,ed49da7cadefc454d6a67de249eab240,43.0,2,2,21.5,3.0,0.5,2,2
2651,4cf490a58259286ada5ba8525ba9e84a,1254.2,8,8,156.775,3.125,0.0,8,0
1071,693660429f9dc4ff704eb3d88dad54d7,124.0,2,2,62.0,4.0,0.0,2,0
2330,8fb791022c1fc8909664f48ab7dc636d,8119.95,5,5,1623.99,4.2,0.0,5,0
2360,72c73be2b085b9d57650dd53eb2004c9,29.4,1,1,29.4,5.0,0.0,1,0
2708,78ef7e885d17f35e2382a47aae8b8cce,388.0,3,3,129.33333333333334,4.666666666666667,0.0,3,0
540,1d953075c2f0dd990bacf27b83b330f1,59.0,1,1,59.0,5.0,0.0,1,0
2347,1f7dfad2cb384ea4d2d7e1ffbd78c407,49.0,1,1,49.0,1.0,0.0,1,0
2445,ec933281fb017b5020d06df29c3f77e8,1432.0,8,8,179.0,5.0,0.0,8,0
3038,d57e18d5f73c7ccb7f7339b61166898d,3187.7,61,63,52.25737704918033,4.446428571428571,0.0,61,0
2793,ba6ce6de456f6c11d08c17701ba5c26f,744.35,6,7,124.05833333333334,4.166666666666667,0.0,6,0
1739,95f83f51203c626648c875dd41874c7f,3217.46,52,67,61.87423076923077,3.62,0.019230769230769232,51,0
2566,116ccb1a1604bc88e4d234a8c23f33de,2004.89,61,73,32.86704918032787,4.6698076923076925,0.0,61,0
2462,a4fc6eadaff1576af888509a53420f6a,100.86,1,1,100.86,3.0,0.0,1,0
464,2e7ea2aafec5835e781b21d6d1faf1f1,528.4,7,7,75.48571428571428,4.5,0.0,7,0
1109,533d46c1b06970e99f09523a61df4972,159.98,2,2,79.99,4.5,0.0,2,0
2516,b494891378bd8f4560abe576c52deacd,2958.9,20,22,147.945,4.611111111111111,0.0,21,0
2411,8f2b51a30523cdecddc2f179f351c7d6,1027.9,7,8,146.84285714285716,4.142857142857143,0.0,7,0
2261,259f7b5e6e482c230e5bfaa670b6bb8f,8526.04,138,165,61.78289855072464,4.294553571428572,0.0,138,0
277,53336f97ddbe53e2a617d07b17447b95,599.5,1,1,599.5,5.0,0.0,1,0
1777,a49928bcdf77c55c6d6e05e09a9b4ca5,8816.7,98,106,89.96632653061225,3.175441176470588,0.0,77,0
3043,63a79f5a7eb5cb48a7e5787b141c7993,815.1,11,11,74.1,4.545454545454546,0.0,11,0
1980,955fee9216a65b617aa5c0531780ce60,135171.7,1287,1499,105.02851592851593,4.155246913580247,0.000777000777000777,872,1
1842,698624c6632eeba1774924dbea24c700,19.9,1,1,19.9,5.0,0.0,1,0
300,bd4ff04377f974574f7f0bf9d6ce7dde,164.96,4,4,41.24,3.5,0.0,4,0
284,249f0e9905a6e06ad6c6bea7547ab9f6,347.95,3,3,115.98333333333333,3.6666666666666665,0.0,3,0
662,6b333a05bf188ef3e1f1662a86bd9855,3990.91,12,13,332.5758333333333,4.333333333333333,0.0,12,0
2327,b127efdabeffb5d559349c7b172eb75d,308.5,10,10,30.85,4.75,0.0,10,0
2898,77530e9772f57a62c906e1c21538ab82,46610.4,320,389,145.6575,4.102511415525115,0.003125,331,3
2794,ea8482cd71df3c1969d7b9473ff13abc,37177.52,1146,1203,32.441116928446775,4.091863354037267,0.0008726003490401396,1091,1
1254,25e47381a6c510ddeb36084e33b89f0c,1289.6,16,17,80.6,4.2,0.0,16,0
2368,5151aea44289d6c6b090ee31c2132508,1315.3,7,7,187.9,2.25,0.0,4,0
342,f1ed6bd0a9b11b581f16c851c6a5a527,1622.77,17,18,95.45705882352941,4.411764705882353,0.0,17,0
1133,41e0fa5761c886a630994a55c12087e7,423.6,5,5,84.72,5.0,0.0,5,0
2367,a44fb5a447105f8469bdf16bf9159f25,3706.1,19,19,195.05789473684212,4.166666666666667,0.0,19,0
2137,8fff28c4263ddec387f28d237fb42773,339.4,4,6,84.85,3.0,0.25,4,0
1271,7994b065a7ffb14e71c6312cf87b9de2,453.0,5,7,90.6,5.0,0.0,5,0
2449,a1bea9970d8f65b240555f99c2214f7f,75.0,1,1,75.0,3.0,0.0,1,0
3023,723cd880edaacdb998898b67c8f9da30,2136.53,11,12,194.23,4.2,0.0,11,0
2955,229c3efbfb0ea2058de4ccdfbc3d784a,15744.0,121,148,130.11570247933884,3.6435576923076924,0.0,121,0
2481,adcf50477d6a1f5d91bb9d54c4903cb5,1425.14,19,38,75.00736842105263,3.291875,0.0,20,0
588,cb0b3bcf14e0a709df412a99424a59d7,460.0,2,2,230.0,4.5,0.0,2,0
1073,2d378dbb39815785238c0139c7647fb7,1154.0,2,2,577.0,5.0,0.0,2,0
1019,33c51922b6e3c16b24a8f28e5833c99d,6657.87,18,20,369.88166666666666,4.235294117647059,0.0,19,0
2912,1352e06ae67b410cdae0b2a22361167b,696.0,4,4,174.0,2.0,0.5,3,2
2118,4f40d2ed38d1cc945364a7cd202a82c7,319.9,1,1,319.9,1.0,0.0,1,0
439,3e51f9cbe317bc3a88f2c76583811ee4,76.09,1,1,76.09,5.0,0.0,1,0
206,26bad72add1f86e08a776ce4ffdaf1ca,622.0,7,7,88.85714285714286,4.6,0.0,6,0
46,7e93a43ef30c4f03f38b393420bc753a,176431.87,336,340,525.0948511904762,4.226231884057971,0.011904761904761904,322,3
1773,dd55f1bb788714a40e7954c3be6df745,7041.76,35,37,201.19314285714285,3.908709677419355,0.0,34,0
586,042573af89b6d931f672efaf789d8358,413.48,3,3,137.82666666666665,3.6666666666666665,0.0,3,0
2350,fc38b5dceee1a730fad8853453437fbd,119.2,5,5,23.84,4.6,0.0,5,0
53,669ae81880e08f269a64487cfb287169,13248.87,162,186,81.78314814814814,4.217851851851852,0.006172839506172839,147,0
336,6e13dd869aa7185f601c941423abcc8f,522.0,5,6,104.4,4.8,0.0,5,0
2478,06579cb253ecd5a3a12a9e6eb6bf8f47,4727.2,62,72,76.24516129032259,4.098245614035088,0.0,60,0
2317,02ecc2a19303f05e59ce133fd923fff7,5264.19,21,24,250.6757142857143,4.7,0.0,22,0
275,4be9ae93c4fc0f41713d71a4194ee1b3,109.9,1,1,109.9,5.0,0.0,1,0
1801,dee656f0f566ed1aa85bd137c943f08f,6271.98,93,95,67.44064516129032,4.352567567567568,0.0,90,0
2666,eed78ac17f7f795a19a709745f00cd4e,4349.5,22,56,197.70454545454547,3.7727272727272725,0.0,23,0
260,fc5a0d7a310a7a41abf86a458585ff2b,162.8,2,2,81.4,2.5,0.5,2,2
1412,41b86b552e54e3a7009596125aa8b167,1595.3,10,11,159.53,4.233333333333333,0.0,11,0
2820,e5d4b2b0c3bca22085f7a19a28de0c42,205.8,4,4,51.45,4.5,0.0,4,0
2184,d7d517afce974cd491b8d52bb5b5b1fc,89.99,1,1,89.99,4.0,0.0,1,0
2480,0ac4201fda2c68ebc0e47cb9423cf3c9,1676.88,13,14,128.99076923076922,4.166666666666667,0.0,14,0
2635,b77a27b1864483e721dc831d5ba4afa0,41.8,2,2,20.9,3.5,0.0,2,0
136,5d378b73ab7dd6f0418d743e5dcb0bd1,13243.0,7,7,1891.857142857143,3.857142857142857,0.0,7,0
2869,13d058e4eeac2ce8217660b2f8a05812,3829.77,23,23,166.5117391304348,4.217391304347826,0.0,23,0
139,52d76513f0c4d97f3b99570e2c94ee31,8153.1,19,28,429.11052631578946,4.0,0.0,21,0
1459,a9b533a26e898b12e8b8d4c07279bf4d,119.6,4,4,29.9,5.0,0.0,4,0
2959,efcd8d2104f1a05d028af7bad20d974b,2424.78,47,51,51.59106382978723,4.284634146341463,0.0,51,0
2515,02dcd3e8e25bee036e32512bcf175493,1491.9,14,17,106.56428571428572,4.0,0.0,16,0
1033,51209b446b2073894bdc0face6c73ffc,359.6,2,4,179.8,4.0,0.0,2,0
1537,1838dd9b8977065acf51d95e0053ea7a,2820.3,64,67,44.0671875,4.291666666666667,0.0,62,0
1868,3dc69bf2c42f0568a5c4791ec3fd3745,300.0,2,2,150.0,4.0,0.0,2,0
425,4ea2f12dbe91deeacd2c1e74f069a6e6,210.2,4,6,52.55,4.75,0.0,4,0
1499,a00824eb9093d40e589b940ec45c4eb0,9399.97,3,3,3133.3233333333333,4.666666666666667,0.0,3,0
1734,b37c4c02bda3161a7546a4e6d222d5b2,24075.0,4,15,6018.75,2.25,0.0,4,0
825,044668ccd5316b12a7cf0d54a156e3e9,137.8,3,4,45.93333333333333,5.0,0.0,3,0
1040,ab75b89cc49c9ab3160d0c91565a442a,37.98,2,2,18.99,1.5,0.0,2,0
731,1967a9e2ad6f51802b093147d861df58,380.0,2,2,190.0,1.0,0.0,2,0
403,bf100ecb7997df312b285358fb32f92c,1991.9,20,21,99.595,4.4411764705882355,0.0,20,0
2072,da3fede3469bf49b7293ce3fc45b294d,44.9,1,1,44.9,5.0,0.0,1,0
1597,d94a40fd42351c259927028d163af842,13823.8,101,110,136.86930693069306,4.164698795180723,0.0,93,0
2219,34aefe746cd81b7f3b23253ea28bef39,8.0,1,1,8.0,1.0,0.0,1,0
654,c72de06d72748d1a0dfb2125be43ba63,17522.0,21,22,834.3809523809524,4.421052631578948,0.0,21,0
1350,8cf21434553b02cbd37c0bbd07e041b0,94.98,2,2,47.49,2.5,0.0,2,0
3015,8c0de775f52fe41590b376a3b7c50f68,672.7,9,9,74.74444444444444,3.888888888888889,0.0,9,0
2801,f307937c1bb287c3efc2a514b94b0d1d,189.99,1,1,189.99,5.0,0.0,1,0
33,81f89e42267213cb94da7ddc301651da,3955.0,46,52,85.97826086956522,3.662142857142857,0.0,26,0
1643,d263fa444c1504a75cbca5cc465f592a,399.0,1,1,399.0,5.0,0.0,1,0
549,bce6a5ecf98e99fd2a8868b15c51f04b,3464.9,14,15,247.49285714285713,4.034,0.0,11,0
1858,e8dba4d70f7f2b20e775d09cae01142d,855.91,9,9,95.10111111111111,4.333333333333333,0.0,9,0
2436,26785a546900236d66f2e4197c211158,1019.2,15,15,67.94666666666667,4.583333333333333,0.0,13,0
653,4a1917ef994878940e1fb03eeb787ad7,768.0,2,3,384.0,3.0,0.0,2,0
380,c5f7feb04a6a1fb3596322bfc3cf1917,1720.6,11,11,156.4181818181818,4.2,0.0,11,0
2744,458c6fa920810ce2492da71bc26d9eec,756.76,2,2,378.38,2.5,0.0,2,0
2964,3db66a856d18a9cba7c9241fc5221c50,9478.3,94,97,100.83297872340425,4.244814814814815,0.0,90,0
130,28405831a29823802aa22c084cfd0649,245.0,7,7,35.0,4.285714285714286,0.0,7,0
1339,a414555ce331b8c8aea4a9cb8395194d,1450.95,7,8,207.27857142857144,3.3333333333333335,0.0,7,0
23,c4fabeea6e569d42d02993bb1f4f1cbc,859.3,11,11,78.11818181818182,4.0,0.0,11,0
2648,1464afc72f696af775557a821c2e253f,1059.36,29,30,36.52965517241379,4.1923076923076925,0.0,28,0
612,1cbd32d00d01bb8087a5eb088612fd9c,1045.47,11,12,95.04272727272728,4.181818181818182,0.0,11,0
486,f805b96fa705ba7995a221f1749dc141,2744.44,7,7,392.0628571428571,4.428571428571429,0.0,7,0
2341,f67efa3f0b6761102a7f8c6b7b571f5d,5188.68,31,32,167.37677419354839,4.466666666666667,0.0,30,0
2713,cc63f0dd2acba93ffed4fe9f8e0321fa,7096.71,55,63,129.03109090909092,4.03921052631579,0.0,50,0
1521,1a3df491d1c4f1589fc2b934ada68bf2,23302.7,167,178,139.537125748503,4.15900826446281,0.0,145,3
1528,6039e27294dc75811c0d8a39069f52c0,13670.7,64,75,213.6046875,3.8005172413793105,0.0,63,0
765,5c6d4016c2a288f074fa0848a2b653d2,3159.0,32,35,98.71875,4.145161290322581,0.0,32,0
1277,f326006815956455b2859abd58fe7e39,3147.16,9,30,349.68444444444447,4.666666666666667,0.0,9,0
2550,d12c926d74ceff0a90a21184466ce161,3944.18,78,99,50.56641025641026,4.336575342465753,0.0,80,0
1855,fe49ee029e61e789a1f3a5525f57ba8d,2527.59,17,17,148.68176470588236,4.0,0.058823529411764705,16,0
552,a938325a4b357fd23a6a4d5bb126408e,3231.0,24,25,134.625,3.891304347826087,0.0,24,0
887,028872bfa080090a9d0abd4f1af168f8,70.5,1,3,70.5,5.0,0.0,1,0
1772,15ead3a5037a918ddb520dfe39a3d2b9,275.5,7,8,39.357142857142854,4.166666666666667,0.0,8,0
1669,e6ffc9ac6a7adc9d16a1cfc2286dd546,34.99,1,1,34.99,1.0,0.0,1,0
959,b416191c9813d821a295cfabafff4161,117.8,2,2,58.9,2.5,0.0,2,0
2548,dc317f341ab0e22f39acbd9dbf9b4a1f,18988.4,55,58,345.24363636363637,4.1366,0.0,51,0
386,b0f2a6122a90a93eb03e68653dd960e3,1620.3,6,7,270.05,4.833333333333333,0.0,7,0
1983,d1aa1ec0839dcab73a6161130eb1f94a,119.9,1,1,119.9,4.0,0.0,1,0
364,4c03b9dd4c11ee2cb35c96c49efc9420,6458.6,48,48,134.55416666666667,4.048780487804878,0.0,42,0
433,12b9676b00f60f3b700e83af21824c0e,26774.0,135,135,198.32592592592593,4.4672897196261685,0.007407407407407408,129,0
1797,e2aee0892199b1d92530e371abd825bf,5662.57,38,41,149.015,3.926470588235294,0.02631578947368421,37,0
1187,ff69aa92bb6b1bf9b8b7a51c2ed9cf8b,21940.8,20,20,1097.04,3.6842105263157894,0.0,20,0
2518,939f6e231201f26803cb5c3a3d2940b3,130.6,3,4,43.53333333333333,4.666666666666667,0.0,3,0
1123,afac9f6b0c4e5f0a7ee87e922cd0f873,20.99,1,1,20.99,1.0,1.0,1,2
345,6187a137b2af59dfdbad8d9f8c373c14,74.8,2,2,37.4,3.0,0.0,2,0
92,c3867b4666c7d76867627c2f7fb22e21,37153.4,245,259,151.6465306122449,3.986583850931677,0.02040816326530612,246,3
2471,dbec9a0a7efeff029d4d9dce7dc4cc95,1170.0,3,3,390.0,4.0,0.0,3,0
541,439a47cc365d6e3bd526812ea9de3c29,1186.5,8,13,148.3125,4.142857142857143,0.0,8,0
1517,e38db885400cd35c71dfd162f2c1dbcf,2066.8,30,32,68.89333333333333,4.428571428571429,0.0,31,0
1598,32fdd5d44ecb43dfd6a24b9369eca144,479.2,8,8,59.9,4.375,0.0,8,0
2363,57d2ba47f7a3209aa347532ae75c1165,318.0,2,2,159.0,4.0,0.0,2,0
2355,8fd3b4468f6425810648177996c14cbd,354.9,1,1,354.9,5.0,0.0,1,0
2960,c6381d2d013342748761e906d45aff76,2042.98,15,28,136.19866666666667,3.8666666666666667,0.0,17,0
437,d4f91e8be86b38da2ee35bc489645a9d,49.99,1,1,49.99,5.0,0.0,1,0
3008,d73cbd89533ce8b041a9190241453ac8,368.6,4,4,92.15,3.5,0.25,4,0
2271,34675b28b826facfde119785bf287dc1,21.99,1,1,21.99,4.0,0.0,1,0
957,67e43d802fde8cfd3f9580124f8167d1,36.0,2,3,18.0,1.0,0.5,2,2
1065,093805f8f2aeb63881444571e1f48f30,1215.79,22,27,55.26318181818182,4.181818181818182,0.0,27,0
998,15ac3c501e2599e4917316fde5c5669a,144.2,1,1,144.2,1.0,0.0,1,0
1795,dc50afafdfa325eadc890c7fa42a8f4e,424.2,4,4,106.05,4.75,0.0,4,0
1719,e8b4225284fbb02d16f200513f1f395d,5788.52,31,31,186.72645161290322,4.172413793103448,0.0,30,0
197,f7c31656c19db6275a8acadca289f426,61.56,1,1,61.56,3.0,0.0,1,0
2502,bd23da7354813347129d751591d1a6e2,10544.3,89,90,118.4752808988764,4.029726027397261,0.011235955056179775,85,0
493,62d977e2b2aee830de3e039a28490d12,399.8,2,2,199.9,1.0,0.0,2,0
999,dbc22125167c298ef99da25668e1011f,33776.78,406,429,83.194039408867,4.237782426778243,0.009852216748768473,389,3
2624,1d0997ff06b524ce9289ffd75114ecd3,3747.0,3,3,1249.0,3.6666666666666665,0.0,3,0
665,45c20d94d9171b0bcfab3c955e47d67b,129.46,4,4,32.365,4.5,0.0,4,0
1536,bee36b4f9a2b9fdcaff6ec05df202ed0,33.8,2,2,16.9,3.0,0.0,2,0
707,aba1721a889e04decc910aa13b768ef4,14103.3,83,92,169.91927710843373,4.427631578947368,0.0,89,0
759,9b1585752613ec342d03bbab9997ec48,4248.98,3,3,1416.3266666666666,3.6666666666666665,0.0,3,0
2270,dbd66278cbfe1aa1000f90a217ca4695,4928.9,85,99,57.98705882352941,4.497096774193548,0.0,70,0
482,b94cc9f10ddc85e4ba73a6f7974e7101,25346.1,39,39,649.9,4.189655172413793,0.0,39,0
2802,f12d3c2a14729ae461b920c11fe20fdc,364.45,9,11,40.49444444444445,4.444444444444445,0.0,9,0
1547,3cfa1358a6caa965278721344c8d76f2,3140.28,5,5,628.056,4.8,0.0,5,0
311,33cbda8716511e27e556dff9d8418bf2,507.4,5,6,101.48,4.8,0.0,5,0
103,4c61e37f664c3c88aff092aa5ac779d7,788.31,7,8,112.61571428571429,3.9,0.0,6,0
2372,7299e27ed73d2ad986de7f7c77d919fa,34725.43,338,361,102.73795857988166,4.476652892561983,0.0029585798816568047,315,3
2810,910a922b426b7ff95eaee129ad6c0e1f,119.8,2,2,59.9,5.0,0.0,2,0
2406,461ff5303b6c9c1a4a07f40c5aece516,102.7,3,3,34.233333333333334,3.6666666666666665,0.0,3,0
1252,7a704e63bb29c446869efde5d57524c8,94.49,1,1,94.49,5.0,0.0,1,0
2014,f9eda05b67bef472deaddbba84aca289,185.0,1,1,185.0,1.0,0.0,1,0
2738,e96498ed8daaa3e9c23f7a62da76591c,9619.09,34,34,282.9144117647059,3.9838709677419355,0.0,34,0
1236,e732329483fd5f27367dd997b47f598a,109.9,1,1,109.9,5.0,0.0,1,0
2621,bf0045791395e66460eb04749c68672a,119.8,2,2,59.9,4.0,0.0,2,0
875,3f8034bfc6b8b4135534975d49f04c63,1313.9,12,16,109.49166666666666,3.9,0.0,12,0
2161,725af026f869236a8dd0ceb98564d156,1177.71,7,8,168.24428571428572,3.4285714285714284,0.2857142857142857,7,0
2888,318f287a62ab7ac10b703ac37435a231,2517.48,52,62,48.41307692307692,3.8958333333333335,0.0,51,0
420,c1f12f926d0ba950578b4fa41115cbb6,479.6,2,4,239.8,4.0,0.0,2,0
1255,38f276ca6e7cc95a6d1bb55ac9e5550f,24.99,1,1,24.99,5.0,0.0,1,0
1651,681fce914360217db47784ae28905a96,4127.33,23,24,179.4491304347826,3.9523809523809526,0.0,24,0
1722,5145090ab595c0d0b8557199f5701fbf,1459.6,4,4,364.9,4.25,0.0,4,0
845,17a053fcb14bd219540cbde0df490be0,40703.14,125,149,325.62512,4.223018867924528,0.0,126,3
1322,1f1bb1f0859883505541bdd6606193e5,16040.84,27,29,594.1051851851852,4.36,0.0,28,0
1985,1703bc09972dab9782e7a9194943b69f,249.9,1,1,249.9,5.0,0.0,1,0
196,fac1a9017ade7bdc94058fc1c969f355,2010.84,9,10,223.42666666666668,4.714285714285714,0.0,9,0
1761,834f8533b2ecb6598dd004ff3de7203a,4538.29,43,47,105.54162790697674,3.7682926829268295,0.0,43,0
291,3d2531eccfbde1d7c8db7a3a12fb267a,1999.54,10,10,199.954,4.222222222222222,0.0,10,0
2194,4736e9d642ef4257cd7622516931eb51,1078.87,16,20,67.429375,4.155333333333333,0.0,16,0
2376,a420f60ff1aa9acc80d0e42959f2b313,7443.3,67,69,111.09402985074627,3.9910714285714284,0.0,65,0
1069,cd6efc47efaabf134f8bdb654e10b4f1,4158.55,31,32,134.1467741935484,4.482758620689655,0.0,31,0
1361,ea65d8b58316a6f2362f2a9e4b3e86ad,2061.4,9,16,229.04444444444445,4.0,0.0,9,0
2461,ac51cac5e20d69ff485a54746488ef48,759.9,4,4,189.975,3.5,0.25,4,0
3003,508808d438fe2ff972ed13bb8f4a82e2,294.83,10,11,29.483,4.277777777777778,0.1,10,0
2100,d4a5e99e0dd915df64ba55a7fbd583fd,65.15,2,6,32.575,1.67,0.0,2,0
61,2cb98e27ce1c18abdb42209b34c382a7,62.49,1,1,62.49,4.0,0.0,1,0
2851,58e4b302b54937e55a678c4d15111da4,279.79,3,3,93.26333333333334,2.3333333333333335,0.0,3,0
1043,afa6714acee029b2dfdf357e5579cc03,3220.76,16,17,201.2975,4.288666666666667,0.0,15,0
2240,5e49e3a44bdeb5aab2684258bbd4f525,507.0,3,3,169.0,4.666666666666667,0.0,3,0
602,45ba18c210d42734ec52c0c1c574e9ee,5589.13,38,41,147.08236842105262,3.953125,0.02631578947368421,38,0
2122,96493fab2fbb13a14d0c0e8772eef5c3,18969.0,63,64,301.0952380952381,4.073157894736842,0.0,63,0
691,5cf1ec37aea089f45110c70653a166ab,50.0,3,3,16.666666666666668,3.6666666666666665,0.0,3,0
697,a0e19590a0923cdd0614ea9427713ced,258.3,2,7,129.15,1.0,0.0,2,0
2604,6989574bd97d9773f10d232b6c07da59,2478.4,7,7,354.0571428571429,4.857142857142857,0.0,7,0
2112,173d56ffbd4c56cb80fc3615487d712b,358.0,2,2,179.0,5.0,0.0,2,0
705,7ad32824caee82087b3e2e5f33b1bf32,22505.1,151,184,149.04039735099337,3.7714851485148513,0.0,170,3
104,a36b125ac6d5fdbc7f50de85c9157bdc,1843.64,24,26,76.81833333333333,3.9583333333333335,0.0,24,0
2325,66fd84ee7528c0c0de85d0f44a73d5ab,1438.11,11,21,130.73727272727274,3.092222222222222,0.0,11,0
1032,47efca563408aae19bb7206c2d969ea9,2522.0,12,12,210.16666666666666,4.083333333333333,0.0,12,0
171,0bb27263628258b8111a0262769fa9db,22.2,1,1,22.2,5.0,0.0,1,0
1591,406822777a0b9eb5c50e442dd4cd3ec5,3648.08,45,47,81.06844444444444,4.27027027027027,0.0,41,0
1729,5bc24d989e71e93c33e50a7782431b0e,3148.0,17,17,185.1764705882353,4.352941176470588,0.0,17,0
397,63704069d9bd3a75c1cf59babe56004a,59.3,1,1,59.3,1.0,0.0,1,0
1988,3c3017960b2dbd72711a61f0400aab8f,968.8,10,10,96.88,4.111111111111111,0.0,10,0
2381,7178f9f4dd81dcef02f62acdf8151e01,37070.4,203,216,182.6128078817734,4.074782608695652,0.0,196,3
2569,d297f1055de2956aedfd3b04113dce3e,54.3,1,1,54.3,4.0,0.0,1,0
604,2039c5e51785b5dde7cf93ccb3b7be2c,159.9,1,1,159.9,5.0,0.0,1,0
427,ccc4bbb5f32a6ab2b7066a4130f114e3,74004.62,187,192,395.7466310160428,4.308918918918919,0.0,153,3
3049,cd3d09fbe6e3e9ff0c0ac0c300e93ae7,651.04,12,12,54.25333333333333,4.136363636363637,0.0,12,0
347,c7fdb77fdbff3c41981bc52f787e959e,696.32,10,12,69.632,3.3,0.1,11,0
2934,aa17b35ce4de7b565be3249ba838944f,79.8,2,2,39.9,4.5,0.0,2,0
179,747c1cdcd1737dcfbd1547f6eb6f2cf3,193.1,2,2,96.55,2.5,0.0,2,0
562,6806dad1da97bfb5a9038eac6881f706,1477.0,10,14,147.7,4.14625,0.0,10,0
2279,1a8e2d9c38b84a9702ac7922924b0573,80.0,1,1,80.0,5.0,0.0,1,0
2079,7aa4334be125fcdd2ba64b3180029f14,16234.81,217,240,74.8147926267281,4.310909090909091,0.0,192,3
636,08f5819815f3d06545011850bd70f0a8,452.0,3,3,150.66666666666666,4.666666666666667,0.0,3,0
1228,1c129092bf23f28a5930387c980c0dfc,9553.62,201,220,47.53044776119403,4.211751824817518,0.0,168,3
2424,9c1c0c36cd23c20897e473901a8fb149,544.97,6,7,90.82833333333333,5.0,0.0,6,0
1652,beadbee30901a7f61d031b6b686095ad,4373.98,64,68,68.3434375,3.8577142857142857,0.0,39,0
1518,5a6a02f419701fc8c605af71d4fc57a4,600.5,10,11,60.05,4.833333333333333,0.0,11,0
1387,312ba1d77e9c332ef21f9598b7f64cd7,756.0,9,10,84.0,2.79125,0.2222222222222222,9,0
1819,1354d51653f645349064725ed204e85e,2410.0,18,20,133.88888888888889,4.0588235294117645,0.0,18,0
2030,18e694e0e48ed6f7aa3f24aade5fd697,701.54,31,34,22.63032258064516,4.621739130434783,0.0,25,0
2693,0176f73cc1195f367f7b32db1e5b3aa8,4733.1,38,39,124.55526315789474,4.125,0.0,38,0
2973,bd1d49a326abfa9b1036772e40445430,637.7,12,13,53.141666666666666,4.1,0.0,13,0
445,804287717b9156fb7a787acd9af4fac1,18.8,1,1,18.8,5.0,0.0,1,0
2573,f1c1ac3f3efc07e659c035008e615e66,2561.96,4,14,640.49,3.75,0.25,4,0
889,6b243f80ed07b10f0e8aa0f21a205f3c,6260.1,79,89,79.24177215189873,4.286666666666667,0.0,81,0
1611,3492e68f37fd1df87f4f2f2ea247f445,787.86,8,9,98.4825,3.9285714285714284,0.0,7,0
2487,ae9690c6e8fee182c28c9ff8e11ca52c,47.4,1,1,47.4,5.0,0.0,1,0
1724,a09a13f18ed27932d08438aa6f12756e,29.9,1,1,29.9,3.0,0.0,1,0
1746,a1544b9ea0b2390e020537d4daa89049,841.2,8,8,105.15,3.875,0.0,8,0
2004,0b64bcdb0784abc139af04077d49a20e,137.6,4,4,34.4,4.75,0.0,4,0
2503,c37b2059d4f90d4feead554e5246565e,839.3,12,16,69.94166666666666,3.5454545454545454,0.0,11,0
253,75fdd0a732287f9497b179f6bd445d32,59.9,1,1,59.9,5.0,0.0,1,0
692,25be943a321c8938947bdaabca979a90,769.0,5,5,153.8,3.5,0.0,5,0
14,d9d43faf741ceaa8da52fdbb81d9e0e3,210.0,6,8,35.0,3.6666666666666665,0.0,8,0
1369,ccf8813e5a7d6c84d865cd38bfc2b130,2635.5,26,26,101.36538461538461,4.384615384615385,0.0,26,0
581,b372ee768ed69e46ca8cdbd267aa7a38,12630.0,63,69,200.47619047619048,4.396551724137931,0.0,68,0
109,fec6275253471ace26d209bbaa64cd0f,2840.0,9,10,315.55555555555554,4.555555555555555,0.0,9,0
2174,06e5eefc71ec47ae763c5c6f8db7064f,22188.56,92,95,241.18,3.952716049382716,0.0,93,0
2343,6ec1a01e866584bb679eb9b098345919,4248.91,31,32,137.0616129032258,4.133333333333333,0.0,31,0
3076,f5b84683a9bf9e1df748cf40f601b39c,83.9,1,1,83.9,5.0,0.0,1,0
2237,688756f717c462a206ad854c5027a64a,5966.54,83,101,71.88602409638554,3.8573584905660376,0.0,77,0
3075,e1a210d482714ce337763a19aef94ba4,49.9,1,1,49.9,1.0,0.0,1,0
2248,76de363de16dacc923eec8daf91df504,360.0,2,2,180.0,2.5,0.0,2,0
133,afe0067131b73e40875c9b6c10bd2e21,5130.4,46,46,111.5304347826087,4.224883720930233,0.021739130434782608,46,0
1134,4992e76a42cb3aad7a7047e0d3d7e729,2211.1,57,74,38.791228070175436,3.952830188679245,0.0,63,0
1237,6426d21aca402a131fc0a5d0960a3c90,1209.64,23,23,52.59304347826087,4.166666666666667,0.0,23,0
1511,b4a476fbd28de64b1e347abf9089366a,5724.04,33,38,173.4557575757576,3.8620689655172415,0.0,33,0
2019,bc39d8938f90a3a2b98193723ed59774,306.8,2,2,153.4,4.0,0.0,2,0
1818,247587846358bb1d2e4c6522020b36fe,99.0,1,1,99.0,5.0,0.0,1,0
603,fa7ad8ae9bcb2c4493fdf38e96b1d74f,88.0,1,2,88.0,1.0,0.0,1,0
383,ffcfefa19b08742c5d315f2791395ee5,69.9,1,1,69.9,1.0,1.0,1,2
2638,31ae0774c17fabd06ff707cc5bde005f,6719.85,11,11,610.8954545454545,4.0,0.0,11,0
2483,33ab10be054370c254ddfcf0a6253422,213.2,4,4,53.3,5.0,0.0,4,0
2484,3c4e0452bff7a2a788179488d3d77032,3746.4,32,36,117.075,3.7668,0.0,27,0
301,b561927807645834b59ef0d16ba55a24,4501.99,85,95,52.964588235294116,4.337916666666667,0.0,93,0
7,954e95f20808d7e5d11f0de292d078e0,158.78,3,4,52.92666666666667,4.666666666666667,0.0,3,0
1011,feb793c88d836c3a75efa4b5a3465d70,466.0,1,1,466.0,5.0,0.0,1,0
757,90b36c5aeb728d5504a39f435bef0c5f,207.86,5,7,41.572,4.2,0.0,5,0
1600,32b8764b4ef628b53608fc34011fcc13,8884.0,36,38,246.77777777777777,4.140625,0.0,34,0
2188,8b8cfc8305aa441e4239358c9f6f2485,11892.0,15,15,792.8,4.2,0.0,15,0
771,5c3460cd3e8a984382ae254e7dd20d9f,775.76,9,10,86.19555555555556,4.666666666666667,0.0,9,0
2154,2235cf78d3e2073a88146a9cb60f0dd0,178.99,1,1,178.99,5.0,0.0,1,0
2081,3a79f35a2344ede41af21267f61d5ec6,186.0,1,1,186.0,1.0,0.0,1,0
2088,768de2a4fc06aacecb9a586ccc30746a,475.6,14,14,33.97142857142857,4.428571428571429,0.0,14,0
1497,4bf2f4ee540798a61f9636d12cd9cc80,4995.56,29,30,172.26068965517243,4.137931034482759,0.0,29,0
1875,2379bdc3888025689a9deb7b141507d5,999.5,9,9,111.05555555555556,4.333333333333333,0.0,9,0
1618,22a23e5ac7061fc538cc2a019afaaf16,95.0,1,1,95.0,3.0,0.0,1,0
1402,431af27f296bc6519d890aa5a05fdb11,13109.5,117,125,112.04700854700855,3.7633,0.0,117,0
3089,20a8b0dc55da94fe74d112082427c84f,407.4,7,7,58.2,4.166666666666667,0.0,6,0
432,b335c59ab742f751a85db9c411a86739,2873.34,33,35,87.0709090909091,3.8989285714285713,0.030303030303030304,32,0
1582,4d0041cdbe51b4617d95c70b19decc74,5235.2,8,8,654.4,4.5,0.0,8,0
2847,7c4adcc13272c0e26fa23aac642adb7b,135.0,2,2,67.5,3.0,0.0,2,0
1763,0d83f8e03188682112cc0d93523705cc,696.26,4,8,174.065,3.75,0.0,4,0
2239,1ce3ae5a399804d1a87e706f8a813c3e,2563.0,40,44,64.075,3.774864864864865,0.0,39,0
1061,3d2400ac620cffa23ac81bd192f7f555,105.0,1,1,105.0,5.0,0.0,1,0
319,e59aa562b9f8076dd550fcddf0e73491,31574.3,70,84,451.06142857142856,4.203650793650794,0.0,67,0
1347,52562a9f449c3dc3d53f5f5b9ed74903,3266.6,14,14,233.32857142857142,4.785714285714286,0.0,14,0
1,dfa0c4c6229ab200a4a1336b4d7128ff,4777.1,77,86,62.04025974025974,4.105625,0.0,75,0
1417,725c32fa80c2faacc4fc88450d27314e,7838.88,89,93,88.07730337078652,4.515394736842105,0.0,89,0
76,78c99c6dff4eeae5be99bf635ed21e3f,2030.88,31,39,65.51225806451613,4.4,0.0,32,0
3036,c8417879a15366a17c30af34c798c332,1767.9,26,36,67.99615384615385,4.270833333333333,0.0,26,0
2384,f00f5b35d0abcacbdd863672f4bb2c1a,299.0,1,1,299.0,4.0,0.0,1,0
2739,a7a9b880c49781da66651ccf4ba9ac38,307.6,3,4,102.53333333333333,3.6666666666666665,0.0,4,0
2260,db46ca7bce82b11f7e247539271fc390,933.97,16,16,58.373125,4.5,0.0,15,0
1392,e6a69c4a27dfdd98ffe5aa757ad744bc,2076.2,24,29,86.50833333333334,4.0,0.041666666666666664,23,0
2373,1c83418358f249c9d6affa52d579db0e,24.9,1,1,24.9,5.0,0.0,1,0
2779,52b53f7061969fe471d119b6195da864,90.0,1,1,90.0,5.0,0.0,1,0
3052,c394e193cda3b4225ff2094d32184849,3419.88,3,12,1139.96,3.6666666666666665,0.0,3,0
346,3c7c4a49ec3c6550809089c6a2ca9370,4033.64,141,160,28.607375886524824,3.712169811320755,0.0,149,0
71,e24d3429d294b2eb200b064ebb035879,1878.58,19,22,98.87263157894736,4.288666666666667,0.0,19,0
68,88cd3681e0a2ba85e190f7d817629c4c,180.0,1,1,180.0,4.0,0.0,1,0
267,4bde6149c15cf7e177b36fa060dd6de8,159.8,2,2,79.9,5.0,0.0,2,0
2859,2e3be8a987a30d7544dbbda6861cc14e,4430.84,18,19,246.15777777777777,3.1666666666666665,0.16666666666666666,18,0
1002,02f623a8eb246f3c5f7c2f96462654e6,6378.0,44,44,144.95454545454547,4.614285714285714,0.0,44,0
773,dcf3755cefcdc158ad0b7bdde51e871b,269.7,3,3,89.9,4.0,0.0,3,0
2941,1660ad786c27fd935378b6192a90b417,1570.0,12,13,130.83333333333334,4.545454545454546,0.0,13,0
1817,ea3ebea5317b0efbc663ecc8ce5e9bc2,299.7,3,3,99.9,4.0,0.0,3,0
146,be9a160a9011f627c3e121d076c1ec7b,2934.0,7,7,419.14285714285717,3.5714285714285716,0.0,7,0
80,8bd0f31cf0a614c658f6763bd02dea69,4455.34,33,35,135.01030303030302,4.28125,0.0,33,0
2192,b5f49fe968dff6b112861e6cd8e192ef,194.7,1,2,194.7,5.0,0.0,2,0
861,9b00cad94ef3078faf6fba2e792c158f,354.9,1,1,354.9,5.0,0.0,1,0
2269,7957cac1a02f45d0a4a7e45626382ec2,343.0,1,1,343.0,4.0,0.0,1,0
162,dbbcfe2c8d026742134ac3e28ccde274,308.59,4,4,77.1475,3.6666666666666665,0.0,4,0
738,abbf6046bbdf1028606a5bc7f00c99e7,2217.15,7,7,316.73571428571427,4.142857142857143,0.0,7,0
2500,5a4236931428800e9d9cc04af0987118,44.97,1,3,44.97,5.0,0.0,1,0
797,085f6f7e049c996695fb2074fe38d45e,305.4,6,8,50.9,4.0,0.0,6,0
1633,bb135baca94c82fcb731335ad5b04a03,1049.8,18,38,58.32222222222222,3.055555555555556,0.0,19,0
582,1e47d8b6546eb3a77b1acddcc9406242,149.9,1,1,149.9,1.0,0.0,1,0
1095,99a54764c341d5dc80b4a8fac4eba3fb,3708.76,45,67,82.41688888888889,3.826,0.0,52,0
1676,f44bdc12aa39f5271f0b95f66cd4c289,357.5,5,7,71.5,3.2,0.0,5,0
2860,66e0557ecc2b4dbea057e93f215f68d8,12480.0,31,31,402.5806451612903,4.0307407407407405,0.03225806451612903,31,0
1958,ba8e85df286308fe68a2ce83a8f8b2d6,80.9,1,1,80.9,5.0,0.0,1,0
1973,8e29d051f810eb22959ede205b462b9f,599.8,2,2,299.9,4.0,0.0,2,0
2812,c794dab4928dd97beb41d05514441e86,1312.4,16,16,82.025,4.366666666666667,0.0,16,0
2013,e7d5b006eb624f13074497221eb37807,3478.93,28,63,124.2475,3.888888888888889,0.0,28,0
1386,b33e7c55446eabf8fe1a42d037ac7d6d,44985.17,152,155,295.9550657894737,4.216796116504854,0.0,138,3
3060,d2374cbcbb3ca4ab1086534108cc3ab7,21223.92,524,631,40.5036641221374,3.7722903225806452,0.0019083969465648854,546,3
2832,52a52b9f656520e99716f5bc40f661c8,783.1,7,8,111.87142857142857,4.166666666666667,0.0,7,0
237,0b1ca3ef18a63d7eb0c8897fa0849c08,55.0,1,1,55.0,5.0,0.0,1,0
751,ad87df7699e83b8a91822a4a0b765c3a,349.9,6,7,58.31666666666667,3.8333333333333335,0.16666666666666666,6,0
3070,427165bf50f8ca07efc7bdc2bfcf1688,1603.5,5,5,320.7,3.25,0.0,4,0
1892,2c9e548be18521d1c43cde1c582c6de8,6109.44,126,174,48.48761904761905,4.106020408163265,0.0,121,0
2141,b2f4d63c7203f539a78252565ca32257,14.9,1,1,14.9,5.0,0.0,1,0
262,38e6dada03429a47197d5d584d793b41,596.14,7,12,85.16285714285715,4.445,0.0,9,0
337,b6f52e346160519c24a23af05410ad32,129.9,1,1,129.9,4.0,0.0,1,0
1997,13511db12ac61e2f89c53b72a944a60b,798.0,6,6,133.0,3.5,0.0,6,0
504,c84592044b180dec206770c38603814b,511.94,15,15,34.129333333333335,4.285714285714286,0.06666666666666667,15,0
1689,f4db9b37944bcb8873e6b456ee190bbf,3409.78,21,22,162.37047619047618,4.571428571428571,0.0,21,0
238,bc8c8d665ec4664d286be0d521722b19,22.5,1,1,22.5,2.0,0.0,1,0
1504,40ec8ab6cdafbcc4f544da38c67da39a,117.8,2,2,58.9,5.0,0.0,2,0
399,f90f77ef2799a27f80d90c425ca944f7,70.0,1,1,70.0,5.0,0.0,1,0
1699,3504c0cb71d7fa48d967e0e4c94d59d9,2349.94,53,53,44.338490566037734,4.421111111111111,0.0,49,0
547,f419677537694f0462a91990df6ca44f,220.5,6,6,36.75,4.0,0.0,6,0
818,4dc2e811a1760953cb7c6a590b498943,175.0,1,1,175.0,5.0,0.0,1,0
2966,df47da4ae86fa4db890d05aaf24e21d8,310.5,5,5,62.1,4.5,0.0,4,0
737,baeda7047354773262ba2405f97038ba,35.0,1,1,35.0,5.0,0.0,1,0
569,00fc707aaaad2d31347cf883cd2dfe10,12684.9,103,135,123.15436893203884,4.053023255813954,0.0,83,0
124,e64882b4ef12aee8d0faca4db5b681f4,230.0,1,2,230.0,4.0,0.0,1,0
2258,01fdefa7697d26ad920e9e0346d4bd1b,14921.43,129,131,115.67,4.370091743119266,0.0,122,0
452,3903c788ded8dc03b5ebab37a2f3e9a1,119.98,5,5,23.996,4.0,0.0,5,0
798,6d22a1fcebb6dd08c9cd90b92a93e8d0,723.7,12,13,60.30833333333333,4.25,0.0,13,0
200,63ffcb71394dd8ea3872ed9ffda17c74,399.0,17,17,23.470588235294116,3.1,0.0,15,0
2289,c3fe93ba3085f92855c97e57f38c8c05,245.0,7,7,35.0,5.0,0.14285714285714285,7,0
2596,e5a38146df062edaf55c38afa99e42dc,15360.07,121,125,126.94272727272727,3.9441747572815533,0.0,117,0
2472,bb7a14e229b1c95156719c3d9552eeee,3190.1,11,11,290.0090909090909,4.181818181818182,0.0,11,0
2212,86bb7c4b535e49a541baf3266b1c95b1,8162.4,16,16,510.15,3.2857142857142856,0.0,15,0
2585,2cb6eb1b7185064167657fa09f541105,1217.9,6,7,202.98333333333332,4.666666666666667,0.0,6,0
1623,8e6d7754bc7e0f22c96d255ebda59eba,14497.27,85,130,170.5561176470588,3.557837837837838,0.0,78,0
2696,8b2d4ab22f42c5cfc338b846decfda60,458.0,6,9,76.33333333333333,4.833333333333333,0.0,6,0
2197,5def4c3732941a971cba8fdee992ede1,134.8,5,6,26.96,4.6,0.0,5,0
2337,35281d148dcf7134bae913c57db4e6da,119.99,1,1,119.99,5.0,0.0,1,0
990,d1e2fe627180431ffda076abb303c56f,289.0,1,1,289.0,1.0,0.0,1,0
685,77dcbb67ccb3659bd58eaf5661560a30,984.0,2,2,492.0,1.0,0.0,2,0
905,b92e3c8f9738272ff7c59e111e108d7c,8231.09,62,70,132.75951612903225,4.1454545454545455,0.0,63,0
2671,9d213f303afae4983637247556438ede,47.7,2,3,23.85,5.0,0.0,2,0
2834,63272377184e969942f7fff221be858d,149.7,2,2,74.85,5.0,0.0,2,0
2895,8fdca8e349553f99bc738833a62c8802,989.34,22,29,44.97,4.190476190476191,0.0,22,0
2926,b9ec22de23f18567de0e09d776ca0309,341.98,2,2,170.99,5.0,0.0,2,0
973,38af8acfd46ac4a7bf754e8ca6736664,345.0,5,5,69.0,4.8,0.0,5,0
1379,41ab63a91b8b264e8c8780368bf1dd5b,2571.95,12,13,214.32916666666668,4.181818181818182,0.0,12,0
79,7139dc5186aa238b006e066d8fbab2e4,1712.0,22,24,77.81818181818181,4.052631578947368,0.0,22,0
1532,e5a3438891c0bfdb9394643f95273d8e,7738.35,224,255,34.54620535714286,3.928142857142857,0.004464285714285714,244,3
1925,1b4b28463457a256e9a784ebe2a8f630,699.42,1,1,699.42,1.0,0.0,1,0
1895,497709c2976a8fa308730a2dec5b0726,76.0,1,2,76.0,5.0,0.0,1,0
2056,0cab2da43793a6f3c5ed8514c5f54627,309.7,3,3,103.23333333333333,5.0,0.0,3,0
2884,1fddcb7b326905d3ad5efe82187db347,92.0,1,1,92.0,1.0,1.0,1,2
2629,6bb0724edf0b62fb91ac404873a97241,3653.0,17,18,214.88235294117646,4.466666666666667,0.0,17,0
1448,8cc6a0e5738e61a87b03c78b2ba9db4b,13312.4,24,26,554.6833333333333,4.333181818181818,0.0,23,0
3044,08d1c9478fb0d7d7fcac9c0da4e82fc7,538.0,1,1,538.0,5.0,0.0,1,0
2144,0ee4fb99ac55ffbbc98795aa01b7f8fa,59.9,1,1,59.9,5.0,0.0,1,0
17,2b2fed75b8e5ea3a052fc4c0825da485,510.9,3,4,170.3,5.0,0.0,4,0
2409,164a5a8794e6d42e14f55e447b12a3bc,73.99,1,1,73.99,5.0,0.0,1,0
3062,a56e351445e5863fc8960640ba9190c7,760.92,3,4,253.64,4.333333333333333,0.0,3,0
1116,4a3ccda38b2129705f3fb522db62ca31,17062.59,66,78,258.5240909090909,3.9758181818181817,0.015151515151515152,67,0
1290,7b98de631987e26dd6d803490c43a13c,634.2,8,8,79.275,4.625,0.0,8,0
2020,96804ea39d96eb908e7c3afdb671bb9e,3610.7,38,40,95.01842105263158,3.9857142857142858,0.0,37,0
2790,7e26c750b4cb9f6766f58265ff9ebe95,1344.3,23,27,58.447826086956525,4.409090909090909,0.0,23,0
1070,7ade73f1b9b4e965f9009a4c3a7e2c15,1880.3,27,28,69.64074074074074,4.7727272727272725,0.0,26,0
404,6dc9bec584588412a6a338830946a3e4,560.0,2,2,280.0,1.5,0.0,2,0
2862,0747d5bb69f0586cc869d8af4c50f93e,346.6,14,15,24.757142857142856,3.357142857142857,0.0,15,0
997,961dff0a659b4561334372337dd897d9,9946.0,4,4,2486.5,3.75,0.25,4,0
1280,8ca1551acf9832a4cf467bbbac15851f,2176.4,11,12,197.85454545454544,3.909090909090909,0.0,11,0
1029,7c4402417d51474d4d0cda9557340e40,119.9,1,1,119.9,5.0,0.0,1,0
1068,0241d4d5d36f10f80c644447315af0bd,31397.7,238,246,131.92310924369747,4.382129032258065,0.0,218,3
2909,75d34ebb1bd0bd7dde40dd507b8169c3,15048.28,62,72,242.7141935483871,3.679,0.016129032258064516,54,0
2968,f8e2c1b59cd4225a3e4fd0d013a76b93,219.8,2,3,109.9,5.0,0.0,2,0
616,33d677f27a69b84051204ee4ae76eaca,165.0,9,10,18.333333333333332,4.555555555555555,0.0,9,0
1245,1dfe5347016252a7884b694d4f10f5c4,1693.5,21,27,80.64285714285714,3.4072222222222224,0.0,21,0
2282,c522be04e020c1e7b79f3acff36513d5,739.93,7,7,105.70428571428572,3.5714285714285716,0.0,7,0
1211,9a208dee8f95cfdf00760c4d627828ec,269.9,1,1,269.9,1.0,0.0,1,0
83,ec4608a1f76453166bb312b2968aeaf4,1181.75,18,35,65.65277777777777,3.1666666666666665,0.05555555555555555,20,0
1393,710e3548e02bc1d2831dfc4f1b5b14d4,23979.11,136,142,176.31698529411764,3.698265306122449,0.0,112,0
63,85cc55e048b6bcc90c75afe7f0e72f72,308.28,9,9,34.25333333333333,4.444444444444445,0.0,9,0
2437,a3a38f4affed601eb87a97788c949667,26533.32,254,263,104.46188976377952,4.4171505376344085,0.0,248,3
2875,9c3c24eca51c52b91c1de727d2a2ae06,307.5,6,6,51.25,4.5,0.0,6,0
516,e9e446d01bd10a97a8ffcfc4a3a20cb2,60.05,4,4,15.0125,3.5,0.0,4,0
542,0f80a40c312b2472dca482cf50f5186f,129.9,1,1,129.9,3.0,0.0,1,0
395,51e0557bc7b86de13e946c60ee91ce39,45.8,1,1,45.8,5.0,0.0,1,0
1294,be3b4b0f050a6aa1b2d901c4b77e979f,578.2,3,8,192.73333333333332,4.0,0.0,3,0
882,b39d7fe263ef469605dbb32608aee0af,5193.1,44,49,118.025,3.8071052631578945,0.0,42,0
3004,67225bff54a172ff67579aaf583efd78,1238.0,8,8,154.75,4.5,0.0,8,0
955,1cbcd2ee0afb3fc09963b87eb65e7e4f,90.0,1,3,90.0,5.0,0.0,1,0
274,f61c63d13f7cd800549d5acdd390ae72,3072.3,26,26,118.16538461538461,4.0,0.0,26,0
1876,94165aea8a35c3c21499cbcae239b16c,180.0,1,1,180.0,2.0,0.0,1,0
1304,7178e1eaa97257d8b6d4b80efd77a025,167.9,1,1,167.9,5.0,0.0,1,0
1590,244b04680fdbded0acf5aebd9c92b44a,3477.7,3,3,1159.2333333333333,1.0,0.0,3,0
1904,9591fc341b1bfb7ef561e2968ec6e011,79.9,1,1,79.9,1.0,0.0,1,0
163,8a40ae794fa3f9892cee24bd5af0488b,739.85,6,6,123.30833333333334,3.1666666666666665,0.0,6,0
801,2b3e4a2a3ea8e01938cabda2a3e5cc79,23629.15,52,54,454.40673076923076,4.411111111111111,0.0,48,0
669,6ddc28b61be28373b4503a1f61cf98a9,1732.9,11,11,157.53636363636363,4.1,0.0,11,0
223,3fe7120d6257285ac6a3ce7cb071ccec,199.98,2,2,99.99,3.5,0.0,2,0
1302,a7b7354cc588f7566a848bcbb1ce3d96,79.8,2,2,39.9,4.0,0.0,2,0
1103,2a1348e9addc1af5aaa619b1a3679d6b,2843.0,52,55,54.67307692307692,3.0073333333333334,0.019230769230769232,51,0
352,0eaa7e33d73809f1f925f7d07c506cbd,1552.0,15,15,103.46666666666667,4.666666666666667,0.0,14,0
2885,c53bcd3be457a342a97e39e5a9f0be22,509.5,5,5,101.9,3.2,0.0,5,0
3006,83a75eea11694e36e56dd0cb2240229a,487.0,3,3,162.33333333333334,5.0,0.0,3,0
362,1430239a858e7682bbc43b20758af153,660.79,18,23,36.71055555555556,4.111111111111111,0.0,21,0
1512,8f119a0aee85c0c8fc534629734e94fd,3733.68,77,83,48.48935064935065,4.25,0.012987012987012988,76,0
221,2138ccb85b11a4ec1e37afbd1c8eda1f,12357.03,396,429,31.20462121212121,3.9060384615384613,0.007575757575757576,407,3
2002,6dd7dce75cd55c1ce255dc38d9f0cd46,75.0,1,1,75.0,4.0,0.0,1,0
2251,750303a20e9c56b2a6bc45cdce0b897d,8085.0,54,57,149.72222222222223,4.1934,0.0,53,0
2589,eb1bf309f4f6af9a97e9ddac3fdbeabe,22.3,1,1,22.3,5.0,0.0,1,0
688,f7496d659ca9fdaf323c0aae84176632,5087.57,26,27,195.67576923076922,4.576923076923077,0.0,26,0
1207,c8025364abeecb115431bf95c11a747f,928.0,2,2,464.0,4.5,0.0,2,0
1288,46dc3b2cc0980fb8ec44634e21d2718e,128111.19,521,542,245.89479846449137,4.273713080168776,0.005758157389635317,470,3
2070,bac692d6c0ed08467878018e6cc9c26c,477.0,1,3,477.0,4.0,0.0,1,0
2048,c1552b1dab6e6f760950368ae61fb600,53.8,2,2,26.9,2.5,0.0,2,0
2882,731ef20c231d9a7103a425e83fd91271,1692.0,2,3,846.0,3.67,0.0,1,0
111,4dc646b9b9e8e411ef48ba000ea3ac6f,289.7,4,5,72.425,2.75,0.0,5,0
3024,e628d4a53c109f09ca88098338b3a3f5,285.0,1,1,285.0,1.0,1.0,1,2
1093,7963e546f34e098b578f9ad102494601,60.99,1,1,60.99,5.0,0.0,1,0
1076,729f06993dac8e860d4f02d7088ca48a,20485.08,96,115,213.38625,4.1916091954022985,0.0,97,0
16,2d42ebcda99fd55f6f4bc2f1ca035d50,921.5,10,11,92.15,4.3,0.0,10,0
968,33a6f4b1e7cdc205511e76ba1b6e0186,10295.01,105,126,98.04771428571429,4.341410256410256,0.0,90,0
2202,b5abf4f36adc043117b4fca82c22984c,1247.8,11,12,113.43636363636364,2.5454545454545454,0.0,11,0
1709,f5fea3ffed6c2e889bab72705557c63a,1059.9,3,3,353.3,3.6666666666666665,0.0,3,0
2052,9df5750209b83567ec144eb299d7d634,4917.0,11,11,447.0,4.0,0.0,11,0
1659,226b05fe067266c59c15dae208213d06,1056.9,10,11,105.69,4.54125,0.0,10,0
326,78813699ffac347fe27dba345a5f1551,152.42,1,1,152.42,5.0,0.0,1,0
371,e3e15e2c0b9700561efac21c6be48066,97.24,3,4,32.413333333333334,2.0,0.6666666666666666,3,2
2340,ceaec5548eefc6e23e6607c5435102e7,52917.18,203,211,260.675763546798,4.059523809523809,0.009852216748768473,191,3
1879,e9d99831abad74458942f21e16f33f92,4922.48,130,149,37.86523076923077,3.9142990654205607,0.0,129,0
1939,6d1b9c9579132c87d2703ec38c30f2c5,299.69,4,4,74.9225,4.5,0.0,4,0
655,a56a8043ebf66e42119618fb8cf232c6,83.0,1,1,83.0,5.0,0.0,1,0
1327,c8467937e403e76a8ee9f0ab13f6f5ef,1853.79,30,33,61.793,4.096153846153846,0.0,29,0
1450,ccb83a794700270fde70898fe9ff368b,11062.0,12,12,921.8333333333334,4.2727272727272725,0.0,12,0
2637,b76f4d90e85657a240495c876313adc5,299.0,1,1,299.0,5.0,0.0,1,0
183,c003204e1ab016dfa150abc119207b24,25108.09,197,202,127.45223350253806,4.475611510791367,0.0,178,3
1225,e1b12447a7563944843191754aeb5562,472.46,9,10,52.495555555555555,4.444444444444445,0.0,9,0
2997,5563732abe64c3036cb97ad924128dd1,404.0,2,3,202.0,4.5,0.0,3,0
150,e8b3a3a38279a82f0e5d006d5e5b7d2c,13154.7,87,92,151.20344827586206,3.7737096774193546,0.0,84,0
656,734def04b237117a09321dd6d8f3f2a2,1252.43,2,2,626.215,5.0,0.0,2,0
2787,238fac594e170b59c6d228f5a4f4f1d9,3126.0,29,30,107.79310344827586,4.06,0.0,27,0
2033,615005a3ef192c00c6f0e977cee3d2bc,286.5,10,11,28.65,3.8,0.0,10,0
2304,9bcdfa7b615b3abb9461d9e3ad9886ae,2126.07,14,20,151.86214285714286,4.423076923076923,0.0,13,0
1731,651fe66032c9520ee5587f694908040d,464.0,7,7,66.28571428571429,4.0,0.0,7,0
122,d1a1b40ec554c593a1a99366746289dd,49.7,1,1,49.7,2.0,1.0,1,2
1355,0daf5180aa44356f60f8effa533b55a2,144.8,2,2,72.4,5.0,0.0,2,0
3022,76c47a299e4a8fe992316a85865acbe9,1024.46,6,10,170.74333333333334,4.666666666666667,0.0,6,0
648,1710c3aaa9c6b44ec3883ee0fe300e21,1188.9,2,2,594.45,5.0,0.0,2,0
570,13fa2a6c6b9d0f43cb588d7c82117a12,4528.0,9,10,503.1111111111111,4.111111111111111,0.0,9,0
923,64cc804291f90c81f02bfc2bb58ff55a,517.6,2,2,258.8,5.0,0.0,2,0
995,fc908879b9ca1bd65419e54e50432d38,119.2,4,4,29.8,5.0,0.0,4,0
1867,e333046ce6517bd8bb510291d44f0130,7268.0,68,74,106.88235294117646,4.325396825396825,0.0,67,0
2359,f789d2c4f2c2eb38fc4373e7a4b35264,4864.24,44,49,110.55090909090909,4.151162790697675,0.0,48,0
1014,c714262700f93defc16bf17a51a4cb23,421.8,4,4,105.45,3.75,0.0,4,0
530,f205b1a3ca9a34e0f8a228bae6e4c7b3,1088.0,8,8,136.0,4.875,0.0,8,0
1125,e5545d4d4473876ea78c5bcebca365c3,44.5,1,1,44.5,5.0,0.0,1,0
536,35b96509602ec4b7da831b5cd73ff2c2,558.9,2,2,279.45,4.5,0.0,2,0
928,cac4e0bc1a3269fa2b6ea5e763f6115b,57.88,2,3,28.94,5.0,0.0,3,0
520,70849ca4f400aaabb62cb7462a6f1428,909.58,12,12,75.79833333333333,4.4,0.0,11,0
1715,c864036feaab8c1659f65ea4faebe1da,10454.2,58,58,180.2448275862069,4.609038461538462,0.0,58,0
55,f7720c4fa8e3aba4546301ab80ea1f1b,2083.45,60,78,34.72416666666667,4.178571428571429,0.0,62,0
148,bbad7e518d7af88a0897397ffdca1979,4462.22,69,85,64.66985507246376,3.159090909090909,0.0,68,0
